root	run	checkpoint	weights_path	size_bytes	size_gb	mtime	modified
outputs	qwen3-4b-static-recurrent-kv-target-embedding-hidden-states-bare-gate-all36-b16-l5-4node-09101112-mix-epoch3-20260911	epoch_3_step_59253	/share/guorui/投机解码训练/SpecForge/outputs/qwen3-4b-static-recurrent-kv-target-embedding-hidden-states-bare-gate-all36-b16-l5-4node-09101112-mix-epoch3-20260911/epoch_3_step_59253/model.safetensors	1163438602	1.084	1789164243	2026-09-12 06:04
outputs	q3-06-static-one-gate-difference-pool-domino-b8-l5-1node-011-fromscratch-bs2-globalbs16-epoch2-gamma7-eval1k-20260911	epoch_1_step_140000	/share/guorui/投机解码训练/SpecForge/outputs/q3-06-static-one-gate-difference-pool-domino-b8-l5-1node-011-fromscratch-bs2-globalbs16-epoch2-gamma7-eval1k-20260911/epoch_1_step_140000/model.safetensors	269723866	0.251	1789131995	2026-09-11 21:06
cache/checkpoint-trash	q3-06-static-one-gate-difference-pool-domino-b8-l5-1node-011-fromscratch-bs2-globalbs16-epoch2-gamma7-eval1k-20260911	epoch_1_step_135000-20260911-130635	/share/guorui/投机解码训练/SpecForge/cache/checkpoint-trash/q3-06-static-one-gate-difference-pool-domino-b8-l5-1node-011-fromscratch-bs2-globalbs16-epoch2-gamma7-eval1k-20260911/epoch_1_step_135000-20260911-130635/model.safetensors	269723866	0.251	1789131217	2026-09-11 20:53
cache/checkpoint-trash	q3-06-static-one-gate-difference-pool-domino-b8-l5-1node-011-fromscratch-bs2-globalbs16-epoch2-gamma7-eval1k-20260911	epoch_1_step_130000-20260911-125337	/share/guorui/投机解码训练/SpecForge/cache/checkpoint-trash/q3-06-static-one-gate-difference-pool-domino-b8-l5-1node-011-fromscratch-bs2-globalbs16-epoch2-gamma7-eval1k-20260911/epoch_1_step_130000-20260911-125337/model.safetensors	269723866	0.251	1789130439	2026-09-11 20:40
cache/checkpoint-trash	q3-06-static-one-gate-difference-pool-domino-b8-l5-1node-011-fromscratch-bs2-globalbs16-epoch2-gamma7-eval1k-20260911	epoch_1_step_125000-20260911-124039	/share/guorui/投机解码训练/SpecForge/cache/checkpoint-trash/q3-06-static-one-gate-difference-pool-domino-b8-l5-1node-011-fromscratch-bs2-globalbs16-epoch2-gamma7-eval1k-20260911/epoch_1_step_125000-20260911-124039/model.safetensors	269723866	0.251	1789129658	2026-09-11 20:27
cache/checkpoint-trash	q3-06-static-one-gate-difference-pool-domino-b8-l5-1node-011-fromscratch-bs2-globalbs16-epoch2-gamma7-eval1k-20260911	epoch_1_step_120000-20260911-122738	/share/guorui/投机解码训练/SpecForge/cache/checkpoint-trash/q3-06-static-one-gate-difference-pool-domino-b8-l5-1node-011-fromscratch-bs2-globalbs16-epoch2-gamma7-eval1k-20260911/epoch_1_step_120000-20260911-122738/model.safetensors	269723866	0.251	1789128883	2026-09-11 20:14
cache/checkpoint-trash	q3-06-static-one-gate-difference-pool-domino-b8-l5-1node-011-fromscratch-bs2-globalbs16-epoch2-gamma7-eval1k-20260911	epoch_1_step_115000-20260911-121443	/share/guorui/投机解码训练/SpecForge/cache/checkpoint-trash/q3-06-static-one-gate-difference-pool-domino-b8-l5-1node-011-fromscratch-bs2-globalbs16-epoch2-gamma7-eval1k-20260911/epoch_1_step_115000-20260911-121443/model.safetensors	269723866	0.251	1789128102	2026-09-11 20:01
cache/checkpoint-trash	q3-06-static-one-gate-difference-pool-domino-b8-l5-1node-011-fromscratch-bs2-globalbs16-epoch2-gamma7-eval1k-20260911	epoch_1_step_110000-20260911-120142	/share/guorui/投机解码训练/SpecForge/cache/checkpoint-trash/q3-06-static-one-gate-difference-pool-domino-b8-l5-1node-011-fromscratch-bs2-globalbs16-epoch2-gamma7-eval1k-20260911/epoch_1_step_110000-20260911-120142/model.safetensors	269723866	0.251	1789127324	2026-09-11 19:48
cache/checkpoint-trash	q3-06-static-one-gate-difference-pool-domino-b8-l5-1node-011-fromscratch-bs2-globalbs16-epoch2-gamma7-eval1k-20260911	epoch_1_step_105000-20260911-114844	/share/guorui/投机解码训练/SpecForge/cache/checkpoint-trash/q3-06-static-one-gate-difference-pool-domino-b8-l5-1node-011-fromscratch-bs2-globalbs16-epoch2-gamma7-eval1k-20260911/epoch_1_step_105000-20260911-114844/model.safetensors	269723866	0.251	1789126546	2026-09-11 19:35
cache/checkpoint-trash	q3-06-static-one-gate-difference-pool-domino-b8-l5-1node-011-fromscratch-bs2-globalbs16-epoch2-gamma7-eval1k-20260911	epoch_1_step_100000-20260911-113546	/share/guorui/投机解码训练/SpecForge/cache/checkpoint-trash/q3-06-static-one-gate-difference-pool-domino-b8-l5-1node-011-fromscratch-bs2-globalbs16-epoch2-gamma7-eval1k-20260911/epoch_1_step_100000-20260911-113546/model.safetensors	269723866	0.251	1789125773	2026-09-11 19:22
cache/checkpoint-trash	q3-06-static-one-gate-difference-pool-domino-b8-l5-1node-011-fromscratch-bs2-globalbs16-epoch2-gamma7-eval1k-20260911	epoch_1_step_95000-20260911-112253	/share/guorui/投机解码训练/SpecForge/cache/checkpoint-trash/q3-06-static-one-gate-difference-pool-domino-b8-l5-1node-011-fromscratch-bs2-globalbs16-epoch2-gamma7-eval1k-20260911/epoch_1_step_95000-20260911-112253/model.safetensors	269723866	0.251	1789124996	2026-09-11 19:09
cache/checkpoint-trash	q3-06-static-one-gate-difference-pool-domino-b8-l5-1node-011-fromscratch-bs2-globalbs16-epoch2-gamma7-eval1k-20260911	epoch_1_step_90000-20260911-110956	/share/guorui/投机解码训练/SpecForge/cache/checkpoint-trash/q3-06-static-one-gate-difference-pool-domino-b8-l5-1node-011-fromscratch-bs2-globalbs16-epoch2-gamma7-eval1k-20260911/epoch_1_step_90000-20260911-110956/model.safetensors	269723866	0.251	1789124218	2026-09-11 18:56
cache/checkpoint-trash	q3-06-static-one-gate-difference-pool-domino-b8-l5-1node-011-fromscratch-bs2-globalbs16-epoch2-gamma7-eval1k-20260911	epoch_0_step_85000-20260911-105658	/share/guorui/投机解码训练/SpecForge/cache/checkpoint-trash/q3-06-static-one-gate-difference-pool-domino-b8-l5-1node-011-fromscratch-bs2-globalbs16-epoch2-gamma7-eval1k-20260911/epoch_0_step_85000-20260911-105658/model.safetensors	269723866	0.251	1789123441	2026-09-11 18:44
cache/checkpoint-trash	q3-06-static-one-gate-difference-pool-domino-b8-l5-1node-011-fromscratch-bs2-globalbs16-epoch2-gamma7-eval1k-20260911	epoch_0_step_80000-20260911-104401	/share/guorui/投机解码训练/SpecForge/cache/checkpoint-trash/q3-06-static-one-gate-difference-pool-domino-b8-l5-1node-011-fromscratch-bs2-globalbs16-epoch2-gamma7-eval1k-20260911/epoch_0_step_80000-20260911-104401/model.safetensors	269723866	0.251	1789122665	2026-09-11 18:31
cache/checkpoint-trash	q3-06-static-one-gate-difference-pool-domino-b8-l5-1node-011-fromscratch-bs2-globalbs16-epoch2-gamma7-eval1k-20260911	epoch_0_step_75000-20260911-103105	/share/guorui/投机解码训练/SpecForge/cache/checkpoint-trash/q3-06-static-one-gate-difference-pool-domino-b8-l5-1node-011-fromscratch-bs2-globalbs16-epoch2-gamma7-eval1k-20260911/epoch_0_step_75000-20260911-103105/model.safetensors	269723866	0.251	1789121887	2026-09-11 18:18
cache/checkpoint-trash	q3-06-static-one-gate-difference-pool-domino-b8-l5-1node-011-fromscratch-bs2-globalbs16-epoch2-gamma7-eval1k-20260911	epoch_0_step_70000-20260911-101807	/share/guorui/投机解码训练/SpecForge/cache/checkpoint-trash/q3-06-static-one-gate-difference-pool-domino-b8-l5-1node-011-fromscratch-bs2-globalbs16-epoch2-gamma7-eval1k-20260911/epoch_0_step_70000-20260911-101807/model.safetensors	269723866	0.251	1789121112	2026-09-11 18:05
cache/checkpoint-trash	q3-06-static-one-gate-difference-pool-domino-b8-l5-1node-011-fromscratch-bs2-globalbs16-epoch2-gamma7-eval1k-20260911	epoch_0_step_65000-20260911-100512	/share/guorui/投机解码训练/SpecForge/cache/checkpoint-trash/q3-06-static-one-gate-difference-pool-domino-b8-l5-1node-011-fromscratch-bs2-globalbs16-epoch2-gamma7-eval1k-20260911/epoch_0_step_65000-20260911-100512/model.safetensors	269723866	0.251	1789120337	2026-09-11 17:52
cache/checkpoint-trash	q3-06-static-one-gate-difference-pool-domino-b8-l5-1node-011-fromscratch-bs2-globalbs16-epoch2-gamma7-eval1k-20260911	epoch_0_step_60000-20260911-095217	/share/guorui/投机解码训练/SpecForge/cache/checkpoint-trash/q3-06-static-one-gate-difference-pool-domino-b8-l5-1node-011-fromscratch-bs2-globalbs16-epoch2-gamma7-eval1k-20260911/epoch_0_step_60000-20260911-095217/model.safetensors	269723866	0.251	1789119562	2026-09-11 17:39
cache/checkpoint-trash	q3-06-static-one-gate-difference-pool-domino-b8-l5-1node-011-fromscratch-bs2-globalbs16-epoch2-gamma7-eval1k-20260911	epoch_0_step_55000-20260911-093922	/share/guorui/投机解码训练/SpecForge/cache/checkpoint-trash/q3-06-static-one-gate-difference-pool-domino-b8-l5-1node-011-fromscratch-bs2-globalbs16-epoch2-gamma7-eval1k-20260911/epoch_0_step_55000-20260911-093922/model.safetensors	269723866	0.251	1789118786	2026-09-11 17:26
cache/checkpoint-trash	q3-06-static-one-gate-difference-pool-domino-b8-l5-1node-011-fromscratch-bs2-globalbs16-epoch2-gamma7-eval1k-20260911	epoch_0_step_50000-20260911-092626	/share/guorui/投机解码训练/SpecForge/cache/checkpoint-trash/q3-06-static-one-gate-difference-pool-domino-b8-l5-1node-011-fromscratch-bs2-globalbs16-epoch2-gamma7-eval1k-20260911/epoch_0_step_50000-20260911-092626/model.safetensors	269723866	0.251	1789118011	2026-09-11 17:13
cache/checkpoint-trash	q3-06-static-one-gate-difference-pool-domino-b8-l5-1node-011-fromscratch-bs2-globalbs16-epoch2-gamma7-eval1k-20260911	epoch_0_step_45000-20260911-091331	/share/guorui/投机解码训练/SpecForge/cache/checkpoint-trash/q3-06-static-one-gate-difference-pool-domino-b8-l5-1node-011-fromscratch-bs2-globalbs16-epoch2-gamma7-eval1k-20260911/epoch_0_step_45000-20260911-091331/model.safetensors	269723866	0.251	1789117238	2026-09-11 17:00
cache/checkpoint-trash	q3-06-static-one-gate-difference-pool-domino-b8-l5-1node-011-fromscratch-bs2-globalbs16-epoch2-gamma7-eval1k-20260911	epoch_0_step_40000-20260911-090038	/share/guorui/投机解码训练/SpecForge/cache/checkpoint-trash/q3-06-static-one-gate-difference-pool-domino-b8-l5-1node-011-fromscratch-bs2-globalbs16-epoch2-gamma7-eval1k-20260911/epoch_0_step_40000-20260911-090038/model.safetensors	269723866	0.251	1789116466	2026-09-11 16:47
cache/checkpoint-trash	q3-06-static-one-gate-difference-pool-domino-b8-l5-1node-011-fromscratch-bs2-globalbs16-epoch2-gamma7-eval1k-20260911	epoch_0_step_35000-20260911-084746	/share/guorui/投机解码训练/SpecForge/cache/checkpoint-trash/q3-06-static-one-gate-difference-pool-domino-b8-l5-1node-011-fromscratch-bs2-globalbs16-epoch2-gamma7-eval1k-20260911/epoch_0_step_35000-20260911-084746/model.safetensors	269723866	0.251	1789115691	2026-09-11 16:34
cache/checkpoint-trash	q3-06-static-one-gate-difference-pool-domino-b8-l5-1node-011-fromscratch-bs2-globalbs16-epoch2-gamma7-eval1k-20260911	epoch_0_step_30000-20260911-083451	/share/guorui/投机解码训练/SpecForge/cache/checkpoint-trash/q3-06-static-one-gate-difference-pool-domino-b8-l5-1node-011-fromscratch-bs2-globalbs16-epoch2-gamma7-eval1k-20260911/epoch_0_step_30000-20260911-083451/model.safetensors	269723866	0.251	1789114914	2026-09-11 16:21
cache/checkpoint-trash	q3-06-static-one-gate-difference-pool-domino-b8-l5-1node-011-fromscratch-bs2-globalbs16-epoch2-gamma7-eval1k-20260911	epoch_0_step_25000-20260911-082154	/share/guorui/投机解码训练/SpecForge/cache/checkpoint-trash/q3-06-static-one-gate-difference-pool-domino-b8-l5-1node-011-fromscratch-bs2-globalbs16-epoch2-gamma7-eval1k-20260911/epoch_0_step_25000-20260911-082154/model.safetensors	269723866	0.251	1789114140	2026-09-11 16:09
cache/checkpoint-trash	q3-06-static-one-gate-difference-pool-domino-b8-l5-1node-011-fromscratch-bs2-globalbs16-epoch2-gamma7-eval1k-20260911	epoch_0_step_20000-20260911-080900	/share/guorui/投机解码训练/SpecForge/cache/checkpoint-trash/q3-06-static-one-gate-difference-pool-domino-b8-l5-1node-011-fromscratch-bs2-globalbs16-epoch2-gamma7-eval1k-20260911/epoch_0_step_20000-20260911-080900/model.safetensors	269723866	0.251	1789113366	2026-09-11 15:56
cache/checkpoint-trash	q3-06-static-one-gate-difference-pool-domino-b8-l5-1node-011-fromscratch-bs2-globalbs16-epoch2-gamma7-eval1k-20260911	epoch_0_step_15000-20260911-075606	/share/guorui/投机解码训练/SpecForge/cache/checkpoint-trash/q3-06-static-one-gate-difference-pool-domino-b8-l5-1node-011-fromscratch-bs2-globalbs16-epoch2-gamma7-eval1k-20260911/epoch_0_step_15000-20260911-075606/model.safetensors	269723866	0.251	1789112590	2026-09-11 15:43
cache/checkpoint-trash	q3-06-static-one-gate-difference-pool-domino-b8-l5-1node-011-fromscratch-bs2-globalbs16-epoch2-gamma7-eval1k-20260911	epoch_0_step_10000-20260911-074310	/share/guorui/投机解码训练/SpecForge/cache/checkpoint-trash/q3-06-static-one-gate-difference-pool-domino-b8-l5-1node-011-fromscratch-bs2-globalbs16-epoch2-gamma7-eval1k-20260911/epoch_0_step_10000-20260911-074310/model.safetensors	269723866	0.251	1789111818	2026-09-11 15:30
cache/checkpoint-trash	q3-06-static-one-gate-difference-pool-domino-b8-l5-1node-011-fromscratch-bs2-globalbs16-epoch2-gamma7-eval1k-20260911	epoch_0_step_5000-20260911-073018	/share/guorui/投机解码训练/SpecForge/cache/checkpoint-trash/q3-06-static-one-gate-difference-pool-domino-b8-l5-1node-011-fromscratch-bs2-globalbs16-epoch2-gamma7-eval1k-20260911/epoch_0_step_5000-20260911-073018/model.safetensors	269723866	0.251	1789111041	2026-09-11 15:17
outputs	q3-06-static-one-gate-difference-pool-domino-sink-b8-l5-1node-011-fromscratch-bs2-globalbs16-epoch2-gamma7-eval1k-20260911	epoch_0_step_35000	/share/guorui/投机解码训练/SpecForge/outputs/q3-06-static-one-gate-difference-pool-domino-sink-b8-l5-1node-011-fromscratch-bs2-globalbs16-epoch2-gamma7-eval1k-20260911/epoch_0_step_35000/model.safetensors	269734212	0.251	1789110050	2026-09-11 15:00
outputs	q3-06-static-one-gate-difference-pool-domino-b8-l5-1node-002-fromscratch-bs2-globalbs16-epoch2-gamma7-eval1k-20260911	epoch_0_step_5000	/share/guorui/投机解码训练/SpecForge/outputs/q3-06-static-one-gate-difference-pool-domino-b8-l5-1node-002-fromscratch-bs2-globalbs16-epoch2-gamma7-eval1k-20260911/epoch_0_step_5000/model.safetensors	269723866	0.251	1789109366	2026-09-11 14:49
cache/checkpoint-trash	q3-06-static-one-gate-difference-pool-domino-sink-b8-l5-1node-011-fromscratch-bs2-globalbs16-epoch2-gamma7-eval1k-20260911	epoch_0_step_30000-20260911-070050	/share/guorui/投机解码训练/SpecForge/cache/checkpoint-trash/q3-06-static-one-gate-difference-pool-domino-sink-b8-l5-1node-011-fromscratch-bs2-globalbs16-epoch2-gamma7-eval1k-20260911/epoch_0_step_30000-20260911-070050/model.safetensors	269734212	0.251	1789109258	2026-09-11 14:47
cache/checkpoint-trash	q3-06-static-one-gate-difference-pool-domino-sink-b8-l5-1node-011-fromscratch-bs2-globalbs16-epoch2-gamma7-eval1k-20260911	epoch_0_step_25000-20260911-064738	/share/guorui/投机解码训练/SpecForge/cache/checkpoint-trash/q3-06-static-one-gate-difference-pool-domino-sink-b8-l5-1node-011-fromscratch-bs2-globalbs16-epoch2-gamma7-eval1k-20260911/epoch_0_step_25000-20260911-064738/model.safetensors	269734212	0.251	1789108468	2026-09-11 14:34
cache/checkpoint-trash	q3-06-static-one-gate-difference-pool-domino-sink-b8-l5-1node-011-fromscratch-bs2-globalbs16-epoch2-gamma7-eval1k-20260911	epoch_0_step_20000-20260911-063428	/share/guorui/投机解码训练/SpecForge/cache/checkpoint-trash/q3-06-static-one-gate-difference-pool-domino-sink-b8-l5-1node-011-fromscratch-bs2-globalbs16-epoch2-gamma7-eval1k-20260911/epoch_0_step_20000-20260911-063428/model.safetensors	269734212	0.251	1789107683	2026-09-11 14:21
cache/checkpoint-trash	q3-06-static-one-gate-difference-pool-domino-sink-b8-l5-1node-011-fromscratch-bs2-globalbs16-epoch2-gamma7-eval1k-20260911	epoch_0_step_15000-20260911-062123	/share/guorui/投机解码训练/SpecForge/cache/checkpoint-trash/q3-06-static-one-gate-difference-pool-domino-sink-b8-l5-1node-011-fromscratch-bs2-globalbs16-epoch2-gamma7-eval1k-20260911/epoch_0_step_15000-20260911-062123/model.safetensors	269734212	0.251	1789106893	2026-09-11 14:08
cache/checkpoint-trash	q3-06-static-one-gate-difference-pool-domino-sink-b8-l5-1node-011-fromscratch-bs2-globalbs16-epoch2-gamma7-eval1k-20260911	epoch_0_step_10000-20260911-060813	/share/guorui/投机解码训练/SpecForge/cache/checkpoint-trash/q3-06-static-one-gate-difference-pool-domino-sink-b8-l5-1node-011-fromscratch-bs2-globalbs16-epoch2-gamma7-eval1k-20260911/epoch_0_step_10000-20260911-060813/model.safetensors	269734212	0.251	1789106105	2026-09-11 13:55
cache/checkpoint-trash	q3-06-static-one-gate-difference-pool-domino-sink-b8-l5-1node-011-fromscratch-bs2-globalbs16-epoch2-gamma7-eval1k-20260911	epoch_0_step_5000-20260911-055505	/share/guorui/投机解码训练/SpecForge/cache/checkpoint-trash/q3-06-static-one-gate-difference-pool-domino-sink-b8-l5-1node-011-fromscratch-bs2-globalbs16-epoch2-gamma7-eval1k-20260911/epoch_0_step_5000-20260911-055505/model.safetensors	269734212	0.251	1789105315	2026-09-11 13:41
outputs	q3-06-static-one-gate-difference-pool-domino-sink-gated-norm-b8-l5-1node-011-fromscratch-bs2-globalbs16-epoch2-gamma7-eval1k-20260911	epoch_0_step_55000	/share/guorui/投机解码训练/SpecForge/outputs/q3-06-static-one-gate-difference-pool-domino-sink-gated-norm-b8-l5-1node-011-fromscratch-bs2-globalbs16-epoch2-gamma7-eval1k-20260911/epoch_0_step_55000/model.safetensors	271045148	0.252	1789104208	2026-09-11 13:23
cache/checkpoint-trash	q3-06-static-one-gate-difference-pool-domino-sink-gated-norm-b8-l5-1node-011-fromscratch-bs2-globalbs16-epoch2-gamma7-eval1k-20260911	epoch_0_step_50000-20260911-052328	/share/guorui/投机解码训练/SpecForge/cache/checkpoint-trash/q3-06-static-one-gate-difference-pool-domino-sink-gated-norm-b8-l5-1node-011-fromscratch-bs2-globalbs16-epoch2-gamma7-eval1k-20260911/epoch_0_step_50000-20260911-052328/model.safetensors	271045148	0.252	1789103413	2026-09-11 13:10
cache/checkpoint-trash	q3-06-static-one-gate-difference-pool-domino-sink-gated-norm-b8-l5-1node-011-fromscratch-bs2-globalbs16-epoch2-gamma7-eval1k-20260911	epoch_0_step_45000-20260911-051013	/share/guorui/投机解码训练/SpecForge/cache/checkpoint-trash/q3-06-static-one-gate-difference-pool-domino-sink-gated-norm-b8-l5-1node-011-fromscratch-bs2-globalbs16-epoch2-gamma7-eval1k-20260911/epoch_0_step_45000-20260911-051013/model.safetensors	271045148	0.252	1789102478	2026-09-11 12:54
cache/checkpoint-trash	q3-06-static-one-gate-difference-pool-domino-sink-gated-norm-b8-l5-1node-011-fromscratch-bs2-globalbs16-epoch2-gamma7-eval1k-20260911	epoch_0_step_40000-20260911-045438	/share/guorui/投机解码训练/SpecForge/cache/checkpoint-trash/q3-06-static-one-gate-difference-pool-domino-sink-gated-norm-b8-l5-1node-011-fromscratch-bs2-globalbs16-epoch2-gamma7-eval1k-20260911/epoch_0_step_40000-20260911-045438/model.safetensors	271045148	0.252	1789100946	2026-09-11 12:29
cache/checkpoint-trash	q3-06-static-one-gate-difference-pool-domino-sink-gated-norm-b8-l5-1node-011-fromscratch-bs2-globalbs16-epoch2-gamma7-eval1k-20260911	epoch_0_step_35000-20260911-042906	/share/guorui/投机解码训练/SpecForge/cache/checkpoint-trash/q3-06-static-one-gate-difference-pool-domino-sink-gated-norm-b8-l5-1node-011-fromscratch-bs2-globalbs16-epoch2-gamma7-eval1k-20260911/epoch_0_step_35000-20260911-042906/model.safetensors	271045148	0.252	1789100157	2026-09-11 12:15
cache/checkpoint-trash	q3-06-static-one-gate-difference-pool-domino-sink-gated-norm-b8-l5-1node-011-fromscratch-bs2-globalbs16-epoch2-gamma7-eval1k-20260911	epoch_0_step_30000-20260911-041557	/share/guorui/投机解码训练/SpecForge/cache/checkpoint-trash/q3-06-static-one-gate-difference-pool-domino-sink-gated-norm-b8-l5-1node-011-fromscratch-bs2-globalbs16-epoch2-gamma7-eval1k-20260911/epoch_0_step_30000-20260911-041557/model.safetensors	271045148	0.252	1789099361	2026-09-11 12:02
cache/checkpoint-trash	q3-06-static-one-gate-difference-pool-domino-sink-gated-norm-b8-l5-1node-011-fromscratch-bs2-globalbs16-epoch2-gamma7-eval1k-20260911	epoch_0_step_25000-20260911-040241	/share/guorui/投机解码训练/SpecForge/cache/checkpoint-trash/q3-06-static-one-gate-difference-pool-domino-sink-gated-norm-b8-l5-1node-011-fromscratch-bs2-globalbs16-epoch2-gamma7-eval1k-20260911/epoch_0_step_25000-20260911-040241/model.safetensors	271045148	0.252	1789098575	2026-09-11 11:49
cache/checkpoint-trash	q3-06-static-one-gate-difference-pool-domino-sink-gated-norm-b8-l5-1node-011-fromscratch-bs2-globalbs16-epoch2-gamma7-eval1k-20260911	epoch_0_step_20000-20260911-034935	/share/guorui/投机解码训练/SpecForge/cache/checkpoint-trash/q3-06-static-one-gate-difference-pool-domino-sink-gated-norm-b8-l5-1node-011-fromscratch-bs2-globalbs16-epoch2-gamma7-eval1k-20260911/epoch_0_step_20000-20260911-034935/model.safetensors	271045148	0.252	1789097782	2026-09-11 11:36
cache/checkpoint-trash	q3-06-static-one-gate-difference-pool-domino-sink-gated-norm-b8-l5-1node-011-fromscratch-bs2-globalbs16-epoch2-gamma7-eval1k-20260911	epoch_0_step_15000-20260911-033623	/share/guorui/投机解码训练/SpecForge/cache/checkpoint-trash/q3-06-static-one-gate-difference-pool-domino-sink-gated-norm-b8-l5-1node-011-fromscratch-bs2-globalbs16-epoch2-gamma7-eval1k-20260911/epoch_0_step_15000-20260911-033623/model.safetensors	271045148	0.252	1789096992	2026-09-11 11:23
cache/checkpoint-trash	q3-06-static-one-gate-difference-pool-domino-sink-gated-norm-b8-l5-1node-011-fromscratch-bs2-globalbs16-epoch2-gamma7-eval1k-20260911	epoch_0_step_10000-20260911-032312	/share/guorui/投机解码训练/SpecForge/cache/checkpoint-trash/q3-06-static-one-gate-difference-pool-domino-sink-gated-norm-b8-l5-1node-011-fromscratch-bs2-globalbs16-epoch2-gamma7-eval1k-20260911/epoch_0_step_10000-20260911-032312/model.safetensors	271045148	0.252	1789095048	2026-09-11 10:50
cache/checkpoint-trash	q3-06-static-one-gate-difference-pool-domino-sink-gated-norm-b8-l5-1node-011-fromscratch-bs2-globalbs16-epoch2-gamma7-eval1k-20260911	epoch_0_step_5000-20260911-025048	/share/guorui/投机解码训练/SpecForge/cache/checkpoint-trash/q3-06-static-one-gate-difference-pool-domino-sink-gated-norm-b8-l5-1node-011-fromscratch-bs2-globalbs16-epoch2-gamma7-eval1k-20260911/epoch_0_step_5000-20260911-025048/model.safetensors	271045148	0.252	1789094259	2026-09-11 10:37
outputs	qwen3-4b-static-recurrent-kv-target-embedding-hidden-states-bare-gate-all36-b16-l5-4node-09101112-epoch3-20260911	epoch_2_step_60000	/share/guorui/投机解码训练/SpecForge/outputs/qwen3-4b-static-recurrent-kv-target-embedding-hidden-states-bare-gate-all36-b16-l5-4node-09101112-epoch3-20260911/epoch_2_step_60000/model.safetensors	1163438602	1.084	1789089591	2026-09-11 09:19
outputs	q3-06-static-one-gate-difference-pool-domino-sink-pre-gated-norm-b8-l5-1node-019-fromscratch-bs2-globalbs16-epoch2-gamma7-eval1k-20260910	epoch_1_step_130000	/share/guorui/投机解码训练/SpecForge/outputs/q3-06-static-one-gate-difference-pool-domino-sink-pre-gated-norm-b8-l5-1node-019-fromscratch-bs2-globalbs16-epoch2-gamma7-eval1k-20260910/epoch_1_step_130000/model.safetensors	271045148	0.252	1789089027	2026-09-11 09:10
cache/checkpoint-trash	q3-06-static-one-gate-difference-pool-domino-sink-pre-gated-norm-b8-l5-1node-019-fromscratch-bs2-globalbs16-epoch2-gamma7-eval1k-20260910	epoch_1_step_125000-20260911-011027	/share/guorui/投机解码训练/SpecForge/cache/checkpoint-trash/q3-06-static-one-gate-difference-pool-domino-sink-pre-gated-norm-b8-l5-1node-019-fromscratch-bs2-globalbs16-epoch2-gamma7-eval1k-20260910/epoch_1_step_125000-20260911-011027/model.safetensors	271045148	0.252	1789088267	2026-09-11 08:57
cache/checkpoint-trash	q3-06-static-one-gate-difference-pool-domino-sink-pre-gated-norm-b8-l5-1node-019-fromscratch-bs2-globalbs16-epoch2-gamma7-eval1k-20260910	epoch_1_step_120000-20260911-005747	/share/guorui/投机解码训练/SpecForge/cache/checkpoint-trash/q3-06-static-one-gate-difference-pool-domino-sink-pre-gated-norm-b8-l5-1node-019-fromscratch-bs2-globalbs16-epoch2-gamma7-eval1k-20260910/epoch_1_step_120000-20260911-005747/model.safetensors	271045148	0.252	1789087480	2026-09-11 08:44
cache/checkpoint-trash	q3-06-static-one-gate-difference-pool-domino-sink-pre-gated-norm-b8-l5-1node-019-fromscratch-bs2-globalbs16-epoch2-gamma7-eval1k-20260910	epoch_1_step_115000-20260911-004440	/share/guorui/投机解码训练/SpecForge/cache/checkpoint-trash/q3-06-static-one-gate-difference-pool-domino-sink-pre-gated-norm-b8-l5-1node-019-fromscratch-bs2-globalbs16-epoch2-gamma7-eval1k-20260910/epoch_1_step_115000-20260911-004440/model.safetensors	271045148	0.252	1789086722	2026-09-11 08:32
cache/checkpoint-trash	q3-06-static-one-gate-difference-pool-domino-sink-pre-gated-norm-b8-l5-1node-019-fromscratch-bs2-globalbs16-epoch2-gamma7-eval1k-20260910	epoch_1_step_110000-20260911-003202	/share/guorui/投机解码训练/SpecForge/cache/checkpoint-trash/q3-06-static-one-gate-difference-pool-domino-sink-pre-gated-norm-b8-l5-1node-019-fromscratch-bs2-globalbs16-epoch2-gamma7-eval1k-20260910/epoch_1_step_110000-20260911-003202/model.safetensors	271045148	0.252	1789085975	2026-09-11 08:19
cache/checkpoint-trash	q3-06-static-one-gate-difference-pool-domino-sink-pre-gated-norm-b8-l5-1node-019-fromscratch-bs2-globalbs16-epoch2-gamma7-eval1k-20260910	epoch_1_step_105000-20260911-001935	/share/guorui/投机解码训练/SpecForge/cache/checkpoint-trash/q3-06-static-one-gate-difference-pool-domino-sink-pre-gated-norm-b8-l5-1node-019-fromscratch-bs2-globalbs16-epoch2-gamma7-eval1k-20260910/epoch_1_step_105000-20260911-001935/model.safetensors	271045148	0.252	1789085199	2026-09-11 08:06
cache/checkpoint-trash	q3-06-static-one-gate-difference-pool-domino-sink-pre-gated-norm-b8-l5-1node-019-fromscratch-bs2-globalbs16-epoch2-gamma7-eval1k-20260910	epoch_1_step_100000-20260911-000639	/share/guorui/投机解码训练/SpecForge/cache/checkpoint-trash/q3-06-static-one-gate-difference-pool-domino-sink-pre-gated-norm-b8-l5-1node-019-fromscratch-bs2-globalbs16-epoch2-gamma7-eval1k-20260910/epoch_1_step_100000-20260911-000639/model.safetensors	271045148	0.252	1789084416	2026-09-11 07:53
cache/checkpoint-trash	q3-06-static-one-gate-difference-pool-domino-sink-pre-gated-norm-b8-l5-1node-019-fromscratch-bs2-globalbs16-epoch2-gamma7-eval1k-20260910	epoch_1_step_95000-20260910-235336	/share/guorui/投机解码训练/SpecForge/cache/checkpoint-trash/q3-06-static-one-gate-difference-pool-domino-sink-pre-gated-norm-b8-l5-1node-019-fromscratch-bs2-globalbs16-epoch2-gamma7-eval1k-20260910/epoch_1_step_95000-20260910-235336/model.safetensors	271045148	0.252	1789083656	2026-09-11 07:40
cache/checkpoint-trash	q3-06-static-one-gate-difference-pool-domino-sink-pre-gated-norm-b8-l5-1node-019-fromscratch-bs2-globalbs16-epoch2-gamma7-eval1k-20260910	epoch_1_step_90000-20260910-234056	/share/guorui/投机解码训练/SpecForge/cache/checkpoint-trash/q3-06-static-one-gate-difference-pool-domino-sink-pre-gated-norm-b8-l5-1node-019-fromscratch-bs2-globalbs16-epoch2-gamma7-eval1k-20260910/epoch_1_step_90000-20260910-234056/model.safetensors	271045148	0.252	1789082901	2026-09-11 07:28
cache/checkpoint-trash	q3-06-static-one-gate-difference-pool-domino-sink-pre-gated-norm-b8-l5-1node-019-fromscratch-bs2-globalbs16-epoch2-gamma7-eval1k-20260910	epoch_0_step_85000-20260910-232821	/share/guorui/投机解码训练/SpecForge/cache/checkpoint-trash/q3-06-static-one-gate-difference-pool-domino-sink-pre-gated-norm-b8-l5-1node-019-fromscratch-bs2-globalbs16-epoch2-gamma7-eval1k-20260910/epoch_0_step_85000-20260910-232821/model.safetensors	271045148	0.252	1789082123	2026-09-11 07:15
cache/checkpoint-trash	q3-06-static-one-gate-difference-pool-domino-sink-pre-gated-norm-b8-l5-1node-019-fromscratch-bs2-globalbs16-epoch2-gamma7-eval1k-20260910	epoch_0_step_80000-20260910-231523	/share/guorui/投机解码训练/SpecForge/cache/checkpoint-trash/q3-06-static-one-gate-difference-pool-domino-sink-pre-gated-norm-b8-l5-1node-019-fromscratch-bs2-globalbs16-epoch2-gamma7-eval1k-20260910/epoch_0_step_80000-20260910-231523/model.safetensors	271045148	0.252	1789081349	2026-09-11 07:02
cache/checkpoint-trash	q3-06-static-one-gate-difference-pool-domino-sink-pre-gated-norm-b8-l5-1node-019-fromscratch-bs2-globalbs16-epoch2-gamma7-eval1k-20260910	epoch_0_step_75000-20260910-230229	/share/guorui/投机解码训练/SpecForge/cache/checkpoint-trash/q3-06-static-one-gate-difference-pool-domino-sink-pre-gated-norm-b8-l5-1node-019-fromscratch-bs2-globalbs16-epoch2-gamma7-eval1k-20260910/epoch_0_step_75000-20260910-230229/model.safetensors	271045148	0.252	1789080569	2026-09-11 06:49
cache/checkpoint-trash	q3-06-static-one-gate-difference-pool-domino-sink-pre-gated-norm-b8-l5-1node-019-fromscratch-bs2-globalbs16-epoch2-gamma7-eval1k-20260910	epoch_0_step_70000-20260910-224929	/share/guorui/投机解码训练/SpecForge/cache/checkpoint-trash/q3-06-static-one-gate-difference-pool-domino-sink-pre-gated-norm-b8-l5-1node-019-fromscratch-bs2-globalbs16-epoch2-gamma7-eval1k-20260910/epoch_0_step_70000-20260910-224929/model.safetensors	271045148	0.252	1789079777	2026-09-11 06:36
cache/checkpoint-trash	q3-06-static-one-gate-difference-pool-domino-sink-pre-gated-norm-b8-l5-1node-019-fromscratch-bs2-globalbs16-epoch2-gamma7-eval1k-20260910	epoch_0_step_65000-20260910-223617	/share/guorui/投机解码训练/SpecForge/cache/checkpoint-trash/q3-06-static-one-gate-difference-pool-domino-sink-pre-gated-norm-b8-l5-1node-019-fromscratch-bs2-globalbs16-epoch2-gamma7-eval1k-20260910/epoch_0_step_65000-20260910-223617/model.safetensors	271045148	0.252	1789078997	2026-09-11 06:23
cache/checkpoint-trash	q3-06-static-one-gate-difference-pool-domino-sink-pre-gated-norm-b8-l5-1node-019-fromscratch-bs2-globalbs16-epoch2-gamma7-eval1k-20260910	epoch_0_step_60000-20260910-222317	/share/guorui/投机解码训练/SpecForge/cache/checkpoint-trash/q3-06-static-one-gate-difference-pool-domino-sink-pre-gated-norm-b8-l5-1node-019-fromscratch-bs2-globalbs16-epoch2-gamma7-eval1k-20260910/epoch_0_step_60000-20260910-222317/model.safetensors	271045148	0.252	1789078197	2026-09-11 06:09
cache/checkpoint-trash	q3-06-static-one-gate-difference-pool-domino-sink-pre-gated-norm-b8-l5-1node-019-fromscratch-bs2-globalbs16-epoch2-gamma7-eval1k-20260910	epoch_0_step_55000-20260910-220957	/share/guorui/投机解码训练/SpecForge/cache/checkpoint-trash/q3-06-static-one-gate-difference-pool-domino-sink-pre-gated-norm-b8-l5-1node-019-fromscratch-bs2-globalbs16-epoch2-gamma7-eval1k-20260910/epoch_0_step_55000-20260910-220957/model.safetensors	271045148	0.252	1789077404	2026-09-11 05:56
cache/checkpoint-trash	q3-06-static-one-gate-difference-pool-domino-sink-pre-gated-norm-b8-l5-1node-019-fromscratch-bs2-globalbs16-epoch2-gamma7-eval1k-20260910	epoch_0_step_50000-20260910-215644	/share/guorui/投机解码训练/SpecForge/cache/checkpoint-trash/q3-06-static-one-gate-difference-pool-domino-sink-pre-gated-norm-b8-l5-1node-019-fromscratch-bs2-globalbs16-epoch2-gamma7-eval1k-20260910/epoch_0_step_50000-20260910-215644/model.safetensors	271045148	0.252	1789076625	2026-09-11 05:43
cache/checkpoint-trash	q3-06-static-one-gate-difference-pool-domino-sink-pre-gated-norm-b8-l5-1node-019-fromscratch-bs2-globalbs16-epoch2-gamma7-eval1k-20260910	epoch_0_step_45000-20260910-214345	/share/guorui/投机解码训练/SpecForge/cache/checkpoint-trash/q3-06-static-one-gate-difference-pool-domino-sink-pre-gated-norm-b8-l5-1node-019-fromscratch-bs2-globalbs16-epoch2-gamma7-eval1k-20260910/epoch_0_step_45000-20260910-214345/model.safetensors	271045148	0.252	1789075829	2026-09-11 05:30
cache/checkpoint-trash	q3-06-static-one-gate-difference-pool-domino-sink-pre-gated-norm-b8-l5-1node-019-fromscratch-bs2-globalbs16-epoch2-gamma7-eval1k-20260910	epoch_0_step_40000-20260910-213029	/share/guorui/投机解码训练/SpecForge/cache/checkpoint-trash/q3-06-static-one-gate-difference-pool-domino-sink-pre-gated-norm-b8-l5-1node-019-fromscratch-bs2-globalbs16-epoch2-gamma7-eval1k-20260910/epoch_0_step_40000-20260910-213029/model.safetensors	271045148	0.252	1789075043	2026-09-11 05:17
cache/checkpoint-trash	q3-06-static-one-gate-difference-pool-domino-sink-pre-gated-norm-b8-l5-1node-019-fromscratch-bs2-globalbs16-epoch2-gamma7-eval1k-20260910	epoch_0_step_35000-20260910-211723	/share/guorui/投机解码训练/SpecForge/cache/checkpoint-trash/q3-06-static-one-gate-difference-pool-domino-sink-pre-gated-norm-b8-l5-1node-019-fromscratch-bs2-globalbs16-epoch2-gamma7-eval1k-20260910/epoch_0_step_35000-20260910-211723/model.safetensors	271045148	0.252	1789074266	2026-09-11 05:04
cache/checkpoint-trash	q3-06-static-one-gate-difference-pool-domino-sink-pre-gated-norm-b8-l5-1node-019-fromscratch-bs2-globalbs16-epoch2-gamma7-eval1k-20260910	epoch_0_step_30000-20260910-210426	/share/guorui/投机解码训练/SpecForge/cache/checkpoint-trash/q3-06-static-one-gate-difference-pool-domino-sink-pre-gated-norm-b8-l5-1node-019-fromscratch-bs2-globalbs16-epoch2-gamma7-eval1k-20260910/epoch_0_step_30000-20260910-210426/model.safetensors	271045148	0.252	1789073474	2026-09-11 04:51
cache/checkpoint-trash	q3-06-static-one-gate-difference-pool-domino-sink-pre-gated-norm-b8-l5-1node-019-fromscratch-bs2-globalbs16-epoch2-gamma7-eval1k-20260910	epoch_0_step_25000-20260910-205114	/share/guorui/投机解码训练/SpecForge/cache/checkpoint-trash/q3-06-static-one-gate-difference-pool-domino-sink-pre-gated-norm-b8-l5-1node-019-fromscratch-bs2-globalbs16-epoch2-gamma7-eval1k-20260910/epoch_0_step_25000-20260910-205114/model.safetensors	271045148	0.252	1789072690	2026-09-11 04:38
cache/checkpoint-trash	q3-06-static-one-gate-difference-pool-domino-sink-pre-gated-norm-b8-l5-1node-019-fromscratch-bs2-globalbs16-epoch2-gamma7-eval1k-20260910	epoch_0_step_20000-20260910-203810	/share/guorui/投机解码训练/SpecForge/cache/checkpoint-trash/q3-06-static-one-gate-difference-pool-domino-sink-pre-gated-norm-b8-l5-1node-019-fromscratch-bs2-globalbs16-epoch2-gamma7-eval1k-20260910/epoch_0_step_20000-20260910-203810/model.safetensors	271045148	0.252	1789071896	2026-09-11 04:24
cache/checkpoint-trash	q3-06-static-one-gate-difference-pool-domino-sink-pre-gated-norm-b8-l5-1node-019-fromscratch-bs2-globalbs16-epoch2-gamma7-eval1k-20260910	epoch_0_step_15000-20260910-202456	/share/guorui/投机解码训练/SpecForge/cache/checkpoint-trash/q3-06-static-one-gate-difference-pool-domino-sink-pre-gated-norm-b8-l5-1node-019-fromscratch-bs2-globalbs16-epoch2-gamma7-eval1k-20260910/epoch_0_step_15000-20260910-202456/model.safetensors	271045148	0.252	1789071101	2026-09-11 04:11
cache/checkpoint-trash	q3-06-static-one-gate-difference-pool-domino-sink-pre-gated-norm-b8-l5-1node-019-fromscratch-bs2-globalbs16-epoch2-gamma7-eval1k-20260910	epoch_0_step_10000-20260910-201141	/share/guorui/投机解码训练/SpecForge/cache/checkpoint-trash/q3-06-static-one-gate-difference-pool-domino-sink-pre-gated-norm-b8-l5-1node-019-fromscratch-bs2-globalbs16-epoch2-gamma7-eval1k-20260910/epoch_0_step_10000-20260910-201141/model.safetensors	271045148	0.252	1789070334	2026-09-11 03:58
cache/checkpoint-trash	q3-06-static-one-gate-difference-pool-domino-sink-pre-gated-norm-b8-l5-1node-019-fromscratch-bs2-globalbs16-epoch2-gamma7-eval1k-20260910	epoch_0_step_5000-20260910-195855	/share/guorui/投机解码训练/SpecForge/cache/checkpoint-trash/q3-06-static-one-gate-difference-pool-domino-sink-pre-gated-norm-b8-l5-1node-019-fromscratch-bs2-globalbs16-epoch2-gamma7-eval1k-20260910/epoch_0_step_5000-20260910-195855/model.safetensors	271045148	0.252	1789069552	2026-09-11 03:45
outputs	q3-06-static-one-gate-difference-pool-domino-sink-pre-gated-norm-b8-l7-1node-019-fromscratch-bs2-globalbs16-epoch2-gamma7-eval1k-20260910	epoch_0_step_10000	/share/guorui/投机解码训练/SpecForge/outputs/q3-06-static-one-gate-difference-pool-domino-sink-pre-gated-norm-b8-l7-1node-019-fromscratch-bs2-globalbs16-epoch2-gamma7-eval1k-20260910/epoch_0_step_10000/model.safetensors	342892900	0.319	1789068304	2026-09-11 03:25
cache/checkpoint-trash	q3-06-static-one-gate-difference-pool-domino-sink-pre-gated-norm-b8-l7-1node-019-fromscratch-bs2-globalbs16-epoch2-gamma7-eval1k-20260910	epoch_0_step_5000-20260910-192504	/share/guorui/投机解码训练/SpecForge/cache/checkpoint-trash/q3-06-static-one-gate-difference-pool-domino-sink-pre-gated-norm-b8-l7-1node-019-fromscratch-bs2-globalbs16-epoch2-gamma7-eval1k-20260910/epoch_0_step_5000-20260910-192504/model.safetensors	342892900	0.319	1789067429	2026-09-11 03:10
outputs	q3-06-static-one-gate-difference-pool-domino-sink-gated-norm-b8-l7-1node-019-fromscratch-bs2-globalbs16-epoch2-gamma7-eval1k-20260910	epoch_0_step_15000	/share/guorui/投机解码训练/SpecForge/outputs/q3-06-static-one-gate-difference-pool-domino-sink-gated-norm-b8-l7-1node-019-fromscratch-bs2-globalbs16-epoch2-gamma7-eval1k-20260910/epoch_0_step_15000/model.safetensors	342892900	0.319	1789066338	2026-09-11 02:52
cache/checkpoint-trash	q3-06-static-one-gate-difference-pool-domino-sink-gated-norm-b8-l7-1node-019-fromscratch-bs2-globalbs16-epoch2-gamma7-eval1k-20260910	epoch_0_step_10000-20260910-185218	/share/guorui/投机解码训练/SpecForge/cache/checkpoint-trash/q3-06-static-one-gate-difference-pool-domino-sink-gated-norm-b8-l7-1node-019-fromscratch-bs2-globalbs16-epoch2-gamma7-eval1k-20260910/epoch_0_step_10000-20260910-185218/model.safetensors	342892900	0.319	1789065473	2026-09-11 02:37
cache/checkpoint-trash	q3-06-static-one-gate-difference-pool-domino-sink-gated-norm-b8-l7-1node-019-fromscratch-bs2-globalbs16-epoch2-gamma7-eval1k-20260910	epoch_0_step_5000-20260910-183753	/share/guorui/投机解码训练/SpecForge/cache/checkpoint-trash/q3-06-static-one-gate-difference-pool-domino-sink-gated-norm-b8-l7-1node-019-fromscratch-bs2-globalbs16-epoch2-gamma7-eval1k-20260910/epoch_0_step_5000-20260910-183753/model.safetensors	342892900	0.319	1789064605	2026-09-11 02:23
outputs	q3-06-static-one-gate-difference-pool-domino-sink-b8-l7-1node-019-fromscratch-bs2-globalbs16-epoch2-gamma7-eval1k-20260910	epoch_0_step_10000	/share/guorui/投机解码训练/SpecForge/outputs/q3-06-static-one-gate-difference-pool-domino-sink-b8-l7-1node-019-fromscratch-bs2-globalbs16-epoch2-gamma7-eval1k-20260910/epoch_0_step_10000/model.safetensors	341057684	0.318	1789062058	2026-09-11 01:40
outputs	q3-06-static-one-gate-difference-pool-domino-sink-b8-l7-1node-019-fromscratch-bs2-globalbs16-epoch2-gamma7-eval1k-20260910	epoch_0_step_5000	/share/guorui/投机解码训练/SpecForge/outputs/q3-06-static-one-gate-difference-pool-domino-sink-b8-l7-1node-019-fromscratch-bs2-globalbs16-epoch2-gamma7-eval1k-20260910/epoch_0_step_5000/model.safetensors	341057684	0.318	1789061190	2026-09-11 01:26
outputs	q3-06-s-block-layered-pspsps-shared-gate-prefix-kv-difference-pool-domino-b8-1node-009-fromscratch-bs2-globalbs16-epoch2-gamma7-eval1k-20260910	epoch_0_step_25000	/share/guorui/投机解码训练/SpecForge/outputs/q3-06-s-block-layered-pspsps-shared-gate-prefix-kv-difference-pool-domino-b8-1node-009-fromscratch-bs2-globalbs16-epoch2-gamma7-eval1k-20260910/epoch_0_step_25000/model.safetensors	246665174	0.230	1789058780	2026-09-11 00:46
outputs	q3-06-naive-joint-both-difference-pool-domino-b8-1node-012-fromscratch-bs2-globalbs16-epoch2-gamma7-eval1k-20260910	epoch_0_step_30000	/share/guorui/投机解码训练/SpecForge/outputs/q3-06-naive-joint-both-difference-pool-domino-b8-1node-012-fromscratch-bs2-globalbs16-epoch2-gamma7-eval1k-20260910/epoch_0_step_30000/model.safetensors	238266586	0.222	1789057953	2026-09-11 00:32
outputs	q3-06-s-block-layered-psspsspss-shared-gate-prefix-kv-difference-pool-domino-b8-1node-011-fromscratch-bs2-globalbs16-epoch2-gamma7-eval1k-20260910	epoch_0_step_25000	/share/guorui/投机解码训练/SpecForge/outputs/q3-06-s-block-layered-psspsspss-shared-gate-prefix-kv-difference-pool-domino-b8-1node-011-fromscratch-bs2-globalbs16-epoch2-gamma7-eval1k-20260910/epoch_0_step_25000/model.safetensors	309603396	0.288	1789057586	2026-09-11 00:26
outputs	q3-06-plain-ppppp-star-only-difference-pool-domino-b8-1node-012-fromscratch-bs2-globalbs16-epoch2-gamma7-eval1k-20260910__superseded_ppppp_stop7550	epoch_0_step_5000	/share/guorui/投机解码训练/SpecForge/outputs/q3-06-plain-ppppp-star-only-difference-pool-domino-b8-1node-012-fromscratch-bs2-globalbs16-epoch2-gamma7-eval1k-20260910__superseded_ppppp_stop7550/epoch_0_step_5000/model.safetensors	238266586	0.222	1789052210	2026-09-10 22:56
outputs	qwen3-4b-static-target-embedding-hidden-states-bare-gate-all36-b16-l5-4node-08101112-bs2-globalbs64-lr6e-4-epoch3-raw-perfectblend-20260908	epoch_3_step_65436	/share/guorui/投机解码训练/SpecForge/outputs/qwen3-4b-static-target-embedding-hidden-states-bare-gate-all36-b16-l5-4node-08101112-bs2-globalbs64-lr6e-4-epoch3-raw-perfectblend-20260908/epoch_3_step_65436/model.safetensors	1163422050	1.084	1788912286	2026-09-09 08:04
outputs	q3-06-static-no-self-b8-1node-gpu011-20260908-lr2e3-epoch2	epoch_1_step_95000	/share/guorui/投机解码训练/SpecForge/outputs/q3-06-static-no-self-b8-1node-gpu011-20260908-lr2e3-epoch2/epoch_1_step_95000/model.safetensors	269723866	0.251	1788873638	2026-09-08 21:20
outputs	q3-06-static-gated-rmsnorm-b8-1node-gpu011-20260908-lr2e3-epoch2	epoch_0_step_50000	/share/guorui/投机解码训练/SpecForge/outputs/q3-06-static-gated-rmsnorm-b8-1node-gpu011-20260908-lr2e3-epoch2/epoch_0_step_50000/model.safetensors	270381666	0.252	1788853322	2026-09-08 15:42
outputs	q3-06-static-gated-q-norm-b8-1node-gpu011-20260908-lr2e3-epoch2	epoch_0_step_10000	/share/guorui/投机解码训练/SpecForge/outputs/q3-06-static-gated-q-norm-b8-1node-gpu011-20260908-lr2e3-epoch2/epoch_0_step_10000/model.safetensors	270380418	0.252	1788840831	2026-09-08 12:13
outputs	q3-06-static-qk-head-temperature-linear-b8-1node-gpu002-20260908-lr2e3-epoch2	epoch_1_step_110000	/share/guorui/投机解码训练/SpecForge/outputs/q3-06-static-qk-head-temperature-linear-b8-1node-gpu002-20260908-lr2e3-epoch2/epoch_1_step_110000/model.safetensors	269724618	0.251	1788830094	2026-09-08 09:14
outputs	qwen3-4b-static-37-source-qk-bias-enc-dec-b16-l5-4node-08101112-bs2-globalbs64-lr6e-4-epoch3-20260907	epoch_3_step_59253	/share/guorui/投机解码训练/SpecForge/outputs/qwen3-4b-static-37-source-qk-bias-enc-dec-b16-l5-4node-08101112-bs2-globalbs64-lr6e-4-epoch3-20260907/epoch_3_step_59253/model.safetensors	1583760762	1.475	1788827173	2026-09-08 08:26
outputs	q3-06-static-qkv-bias-pre-norm-b8-1node-gpu002-20260907-fromscratch-bs2-globalbs16-epoch4-metrics	epoch_0_step_25000	/share/guorui/投机解码训练/SpecForge/outputs/q3-06-static-qkv-bias-pre-norm-b8-1node-gpu002-20260907-fromscratch-bs2-globalbs16-epoch4-metrics/epoch_0_step_25000/model.safetensors	270052082	0.252	1788805761	2026-09-08 02:29
outputs	q3-06-static-q-frequency-gate-caf-b8-1node-node10-20260907-10000step	epoch_1_step_145000	/share/guorui/投机解码训练/SpecForge/outputs/q3-06-static-q-frequency-gate-caf-b8-1node-node10-20260907-10000step/epoch_1_step_145000/model.safetensors	269816226	0.251	1788776544	2026-09-07 18:22
outputs	eval_qfreq_gate_step160000_20260907	epoch_1_step_0	/share/guorui/投机解码训练/SpecForge/outputs/eval_qfreq_gate_step160000_20260907/epoch_1_step_0/model.safetensors	269805890	0.251	1788767154	2026-09-07 15:45
outputs	20260907_additive_spectral_carrier_q_b8_node11_retry1	epoch_0_step_10000	/share/guorui/投机解码训练/SpecForge/outputs/20260907_additive_spectral_carrier_q_b8_node11_retry1/epoch_0_step_10000/model.safetensors	269909738	0.251	1788760004	2026-09-07 13:46
outputs	20260907_additive_spectral_carrier_q_b8_node11_retry1	epoch_0_step_5000	/share/guorui/投机解码训练/SpecForge/outputs/20260907_additive_spectral_carrier_q_b8_node11_retry1/epoch_0_step_5000/model.safetensors	269909738	0.251	1788759275	2026-09-07 13:34
outputs	20260907_additive_spectral_carrier_q_b8_node11	epoch_0_step_5000	/share/guorui/投机解码训练/SpecForge/outputs/20260907_additive_spectral_carrier_q_b8_node11/epoch_0_step_5000/model.safetensors	269909738	0.251	1788758278	2026-09-07 13:17
outputs	20260907训练结构	epoch_0_step_25000	/share/guorui/投机解码训练/SpecForge/outputs/20260907训练结构/epoch_0_step_25000/model.safetensors	269805890	0.251	1788756040	2026-09-07 12:40
outputs	q3-06-static-q-frequency-gate-b8-1node-node2-20260906-2epoch	epoch_1_step_160000	/share/guorui/投机解码训练/SpecForge/outputs/q3-06-static-q-frequency-gate-b8-1node-node2-20260906-2epoch/epoch_1_step_160000/model.safetensors	269805882	0.251	1788743391	2026-09-07 09:09
outputs	qwen3-4b-static-37-source-qk-bias-enc-dec-b16-l5-5node-0809101112-bs2-globalbs80-lr6e-4-epoch3-20260907	epoch_2_step_40000	/share/guorui/投机解码训练/SpecForge/outputs/qwen3-4b-static-37-source-qk-bias-enc-dec-b16-l5-5node-0809101112-bs2-globalbs80-lr6e-4-epoch3-20260907/epoch_2_step_40000/model.safetensors	1583760762	1.475	1788741105	2026-09-07 08:31
outputs	q3-06-static-q-frequency-gate-b8-1node-node2-20260906	epoch_0_step_10000	/share/guorui/投机解码训练/SpecForge/outputs/q3-06-static-q-frequency-gate-b8-1node-node2-20260906/epoch_0_step_10000/model.safetensors	269805882	0.251	1788720342	2026-09-07 02:45
outputs	qwen3-4b-domino-ls-rope-enc-dec-b16-l5-2node-1011-bs2-globalbs32-lr6e-4-epoch3-metrics50-20260905-retry2	epoch_3_step_118506	/share/guorui/投机解码训练/SpecForge/outputs/qwen3-4b-domino-ls-rope-enc-dec-b16-l5-2node-1011-bs2-globalbs32-lr6e-4-epoch3-metrics50-20260905-retry2/epoch_3_step_118506/model.safetensors	1597336640	1.488	1788681261	2026-09-06 15:54
outputs	qwen3-4b-domino-ls-rope-theta1e4-b16-l5-2node-0809-bs2-globalbs32-lr6e-4-epoch3-20260904	epoch_3_step_118506	/share/guorui/投机解码训练/SpecForge/outputs/qwen3-4b-domino-ls-rope-theta1e4-b16-l5-2node-0809-bs2-globalbs32-lr6e-4-epoch3-20260904/epoch_3_step_118506/model.safetensors	1177818200	1.097	1788593723	2026-09-05 15:35
outputs	qwen3-4b-static-73-source-attn-mlp-non-pre-norm-one-gate-difference-pool-domino-all36-b16-l5-2node-1011-strict-resume-step60000-20260904	epoch_4_step_158008	/share/guorui/投机解码训练/SpecForge/outputs/qwen3-4b-static-73-source-attn-mlp-non-pre-norm-one-gate-difference-pool-domino-all36-b16-l5-2node-1011-strict-resume-step60000-20260904/epoch_4_step_158008/model.safetensors	1163422410	1.084	1788586253	2026-09-05 13:30
outputs	q3-06-static-bare-gate-recurrent-kv-af-rope-enc-dec-b8-1node-011-fromscratch-bs2-globalbs16-epoch2-maxlen3072-eval1000-gate05-20260903-retry3	epoch_1_step_150000	/share/guorui/投机解码训练/SpecForge/outputs/q3-06-static-bare-gate-recurrent-kv-af-rope-enc-dec-b8-1node-011-fromscratch-bs2-globalbs16-epoch2-maxlen3072-eval1000-gate05-20260903-retry3/epoch_1_step_150000/model.safetensors	280323338	0.261	1788496671	2026-09-04 12:37
outputs	q3-06-static-bare-gate-standard-rope-theta1e6-enc-dec-b8-1node-010-fromscratch-bs2-globalbs16-epoch2-maxlen3072-eval1000-20260903-retry1	epoch_1_step_100000	/share/guorui/投机解码训练/SpecForge/outputs/q3-06-static-bare-gate-standard-rope-theta1e6-enc-dec-b8-1node-010-fromscratch-bs2-globalbs16-epoch2-maxlen3072-eval1000-20260903-retry1/epoch_1_step_100000/model.safetensors	280306794	0.261	1788495748	2026-09-04 12:22
outputs	qwen3-4b-static-73-source-attn-mlp-non-pre-norm-one-gate-difference-pool-domino-all36-b16-l5-2node-1011-bs2-globalbs32-lr6e-4-epoch4-eval5k-save10k-log500-fromscratch-20260903	epoch_1_step_60000	/share/guorui/投机解码训练/SpecForge/outputs/qwen3-4b-static-73-source-attn-mlp-non-pre-norm-one-gate-difference-pool-domino-all36-b16-l5-2node-1011-bs2-globalbs32-lr6e-4-epoch4-eval5k-save10k-log500-fromscratch-20260903/epoch_1_step_60000/model.safetensors	1163422410	1.084	1788494536	2026-09-04 12:02
outputs	20260903_valid	q3-06-static-bare-gate-af-rope-enc-dec-b8-1node-010-fromscratch-bs2-globalbs16-epoch2-maxlen3072-eval1000-20260903-retry1/epoch_0_step_55000	/share/guorui/投机解码训练/SpecForge/outputs/20260903_valid/q3-06-static-bare-gate-af-rope-enc-dec-b8-1node-010-fromscratch-bs2-globalbs16-epoch2-maxlen3072-eval1000-20260903-retry1/epoch_0_step_55000/model.safetensors	280306794	0.261	1788427171	2026-09-03 17:19
outputs	qwen3-4b-static-37-source-prenorm-final-bare-gate-all36-b16-l5-4node-08101112-bs2-globalbs64-lr2e-3-epoch4-eval10k-save20k-log500-fromscratch-20260902-retry1	epoch_4_step_79004	/share/guorui/投机解码训练/SpecForge/outputs/qwen3-4b-static-37-source-prenorm-final-bare-gate-all36-b16-l5-4node-08101112-bs2-globalbs64-lr2e-3-epoch4-eval10k-save20k-log500-fromscratch-20260902-retry1/epoch_4_step_79004/model.safetensors	1163422050	1.084	1788399113	2026-09-03 09:31
outputs	q3-06-static-bare-gate-b16-7layer-1node-002-fromscratch-bs2-globalbs16-epoch3-fullmetrics-20260902-retry2	epoch_0_step_5000	/share/guorui/投机解码训练/SpecForge/outputs/q3-06-static-bare-gate-b16-7layer-1node-002-fromscratch-bs2-globalbs16-epoch3-fullmetrics-20260902-retry2/epoch_0_step_5000/model.safetensors	341043230	0.318	1788372704	2026-09-03 02:11
outputs	q3-06-static-bare-gate-b8-7layer-1node-002-fromscratch-bs2-globalbs16-epoch3-fullmetrics-20260902-retry1	epoch_0_step_20000	/share/guorui/投机解码训练/SpecForge/outputs/q3-06-static-bare-gate-b8-7layer-1node-002-fromscratch-bs2-globalbs16-epoch3-fullmetrics-20260902-retry1/epoch_0_step_20000/model.safetensors	341043230	0.318	1788370265	2026-09-03 01:31
outputs	q3-06-static-target-attn-mlp-bare-gate-57source-1node-002-fromscratch-bs2-globalbs16-epoch3-fullmetrics-20260902-retry1	epoch_0_step_35000	/share/guorui/投机解码训练/SpecForge/outputs/q3-06-static-target-attn-mlp-bare-gate-57source-1node-002-fromscratch-bs2-globalbs16-epoch3-fullmetrics-20260902-retry1/epoch_0_step_35000/model.safetensors	269724146	0.251	1788366013	2026-09-03 00:20
outputs	q3-06-static-bare-gate-b8-1node-011-fromscratch-bs2-globalbs16-epoch3-fullmetrics-20260902-retry1	epoch_0_step_35000	/share/guorui/投机解码训练/SpecForge/outputs/q3-06-static-bare-gate-b8-1node-011-fromscratch-bs2-globalbs16-epoch3-fullmetrics-20260902-retry1/epoch_0_step_35000/model.safetensors	269723866	0.251	1788363394	2026-09-02 23:36
outputs	q3-06-static-target-hs-pre-rmsnorm-bare-gate-1node-008-fromscratch-bs2-globalbs16-epoch3-fullmetrics-20260902-retry1	epoch_0_step_20000	/share/guorui/投机解码训练/SpecForge/outputs/q3-06-static-target-hs-pre-rmsnorm-bare-gate-1node-008-fromscratch-bs2-globalbs16-epoch3-fullmetrics-20260902-retry1/epoch_0_step_20000/model.safetensors	269781322	0.251	1788363380	2026-09-02 23:36
outputs	q3-06-static-bare-gate-b8-1node-011-fromscratch-bs2-globalbs16-epoch3-fullmetrics-20260902-retry1	epoch_0_step_30000	/share/guorui/投机解码训练/SpecForge/outputs/q3-06-static-bare-gate-b8-1node-011-fromscratch-bs2-globalbs16-epoch3-fullmetrics-20260902-retry1/epoch_0_step_30000/model.safetensors	269723866	0.251	1788362505	2026-09-02 23:21
outputs	q3-06-static-qkv-bias-b8-1node-011-fromscratch-bs2-globalbs16-epoch3-fullmetrics-20260902-retry1	epoch_0_step_80000	/share/guorui/投机解码训练/SpecForge/outputs/q3-06-static-qkv-bias-b8-1node-011-fromscratch-bs2-globalbs16-epoch3-fullmetrics-20260902-retry1/epoch_0_step_80000/model.safetensors	270052082	0.252	1788355845	2026-09-02 21:30
outputs	q3-06-static-baseline-b8-1node-010-fromscratch-bs2-globalbs16-epoch3-fullmetrics-20260902-retry1	epoch_0_step_85000	/share/guorui/投机解码训练/SpecForge/outputs/q3-06-static-baseline-b8-1node-010-fromscratch-bs2-globalbs16-epoch3-fullmetrics-20260902-retry1/epoch_0_step_85000/model.safetensors	269723866	0.251	1788354052	2026-09-02 21:00
outputs	q3-06-static-qkv-b8-2node-1011-fromscratch-bs2-globalbs32-epoch3-metrics-20260902-retry2	epoch_0_step_15000	/share/guorui/投机解码训练/SpecForge/outputs/q3-06-static-qkv-b8-2node-1011-fromscratch-bs2-globalbs32-epoch3-metrics-20260902-retry2/epoch_0_step_15000/model.safetensors	270052082	0.252	1788339535	2026-09-02 16:58
outputs	q3-06-pd-resume-step30000-2node-1011-gbs32-lr2e-3-threshold005-r1	epoch_1_step_43901	/share/guorui/投机解码训练/SpecForge/outputs/q3-06-pd-resume-step30000-2node-1011-gbs32-lr2e-3-threshold005-r1/epoch_1_step_43901/model.safetensors	269723866	0.251	1788331195	2026-09-02 14:39
outputs	qwen3-4b-static-73-source-attn-mlp-non-pre-norm-one-gate-difference-pool-domino-all36-b16-l5-4node-09101112-bs2-globalbs64-lr6e-4-epoch4-eval5k-save10k-log500-fromscratch-20260901-retry2	epoch_4_step_79004	/share/guorui/投机解码训练/SpecForge/outputs/qwen3-4b-static-73-source-attn-mlp-non-pre-norm-one-gate-difference-pool-domino-all36-b16-l5-4node-09101112-bs2-globalbs64-lr6e-4-epoch4-eval5k-save10k-log500-fromscratch-20260901-retry2/epoch_4_step_79004/model.safetensors	1163422410	1.084	1788310468	2026-09-02 08:54
outputs	qwen3.5-4b-dflash2-legacy-b8-2node-1314-strict-resume1	epoch_2_step_110000	/share/guorui/投机解码训练/SpecForge/outputs/qwen3.5-4b-dflash2-legacy-b8-2node-1314-strict-resume1/epoch_2_step_110000/model.safetensors	1363426448	1.270	1788262748	2026-09-01 19:39
outputs	qwen3.5-4b-dflash2-static-gate-pool-all32-b8-2node-1011-anchor256-resume70000	epoch_2_step_110000	/share/guorui/投机解码训练/SpecForge/outputs/qwen3.5-4b-dflash2-static-gate-pool-all32-b8-2node-1011-anchor256-resume70000/epoch_2_step_110000/model.safetensors	1363426864	1.270	1788245686	2026-09-01 14:54
outputs	qwen3.5-4b-dflash2-static-gate-pool-all32-b8-2node-1011-strict-resume1	epoch_1_step_70000	/share/guorui/投机解码训练/SpecForge/outputs/qwen3.5-4b-dflash2-static-gate-pool-all32-b8-2node-1011-strict-resume1/epoch_1_step_70000/model.safetensors	1363426864	1.270	1788230375	2026-09-01 10:39
outputs	qwen3.5-4b-dflash2-static-gate-pool-all32-b8-2node-1011-strict-resume1	epoch_1_step_65000	/share/guorui/投机解码训练/SpecForge/outputs/qwen3.5-4b-dflash2-static-gate-pool-all32-b8-2node-1011-strict-resume1/epoch_1_step_65000/model.safetensors	1363426864	1.270	1788228300	2026-09-01 10:05
outputs	qwen3.5-4b-dflash2-static-gate-pool-all32-b8-2node-1011-strict-resume1	epoch_1_step_60000	/share/guorui/投机解码训练/SpecForge/outputs/qwen3.5-4b-dflash2-static-gate-pool-all32-b8-2node-1011-strict-resume1/epoch_1_step_60000/model.safetensors	1363426864	1.270	1788226223	2026-09-01 09:30
outputs	qwen3.5-4b-dflash2-static-gate-pool-all32-b8-1node-gpu012-dpace-normalized-10k-20260901	epoch_0_step_5000	/share/guorui/投机解码训练/SpecForge/outputs/qwen3.5-4b-dflash2-static-gate-pool-all32-b8-1node-gpu012-dpace-normalized-10k-20260901/epoch_0_step_5000/model.safetensors	1363426864	1.270	1788224843	2026-09-01 09:07
outputs	qwen3.5-4b-dflash2-legacy-b8-4node-13141718-restart1	epoch_0_step_500	/share/guorui/投机解码训练/SpecForge/outputs/qwen3.5-4b-dflash2-legacy-b8-4node-13141718-restart1/epoch_0_step_500/model.safetensors	1363426448	1.270	1788197210	2026-09-01 01:26
outputs	qwen3.5-4b-dflash2-legacy-b8-2node-1314-retry3	epoch_0_step_500	/share/guorui/投机解码训练/SpecForge/outputs/qwen3.5-4b-dflash2-legacy-b8-2node-1314-retry3/epoch_0_step_500/model.safetensors	1363426448	1.270	1788196540	2026-09-01 01:15
outputs	q3-06-static-newdata-r3	epoch_0_step_10000	/share/guorui/投机解码训练/SpecForge/outputs/q3-06-static-newdata-r3/epoch_0_step_10000/model.safetensors	269723866	0.251	1788191188	2026-08-31 23:46
outputs	qwen3.5-4b-static-non-pre-norm-one-gate-difference-pool-domino-two-tap-conv-all32-b8-l5-3node-101112-bs2-lr1p2e-3-epoch3-ar-eval-20260830-retry3	epoch_2_step_80000	/share/guorui/投机解码训练/SpecForge/outputs/qwen3.5-4b-static-non-pre-norm-one-gate-difference-pool-domino-two-tap-conv-all32-b8-l5-3node-101112-bs2-lr1p2e-3-epoch3-ar-eval-20260830-retry3/epoch_2_step_80000/model.safetensors	1206249738	1.123	1788139299	2026-08-31 09:21
outputs	qwen3-4b-silu-mlp-3node-101112-l5-b16-fromscratch-gbs48-lr1e-3-wd1e-2-20260830-r1	epoch_0_step_5000	/share/guorui/投机解码训练/SpecForge/outputs/qwen3-4b-silu-mlp-3node-101112-l5-b16-fromscratch-gbs48-lr1e-3-wd1e-2-20260830-r1/epoch_0_step_5000/model.safetensors	916393824	0.853	1788106238	2026-08-31 00:10
outputs	qwen3-4b-relu-mlp-3node-101112-l5-b16-fromscratch-gbs48-lr1e-3-wd1e-2-20260830-r1	epoch_0_step_10000	/share/guorui/投机解码训练/SpecForge/outputs/qwen3-4b-relu-mlp-3node-101112-l5-b16-fromscratch-gbs48-lr1e-3-wd1e-2-20260830-r1/epoch_0_step_10000/model.safetensors	916393824	0.853	1788102352	2026-08-30 23:05
outputs	qwen3-4b-relu-mlp-3node-101112-l5-b16-fromscratch-gbs48-lr1e-3-wd1e-2-20260830-r1	epoch_0_step_5000	/share/guorui/投机解码训练/SpecForge/outputs/qwen3-4b-relu-mlp-3node-101112-l5-b16-fromscratch-gbs48-lr1e-3-wd1e-2-20260830-r1/epoch_0_step_5000/model.safetensors	916393824	0.853	1788099493	2026-08-30 22:18
outputs	qwen3-4b-post-norm-target-hs-affine-hadamard-no-embedding-2node-1011-fromscratch-bs2-globalbs32-lr1e-3-wd1e-2-epoch3-calib-reuse3node-eval1000-fused-compact-attn-20260827-retry3	epoch_0_step_25000	/share/guorui/投机解码训练/SpecForge/outputs/qwen3-4b-post-norm-target-hs-affine-hadamard-no-embedding-2node-1011-fromscratch-bs2-globalbs32-lr1e-3-wd1e-2-epoch3-calib-reuse3node-eval1000-fused-compact-attn-20260827-retry3/epoch_0_step_25000/model.safetensors	1164328776	1.084	1787817440	2026-08-27 15:57
outputs	qwen3-4b-post-norm-target-hs-affine-hadamard-no-embedding-2node-1011-fromscratch-bs2-globalbs32-lr1e-3-wd1e-2-epoch3-calib-reuse3node-eval1000-fused-compact-attn-20260827-retry3	epoch_0_step_20000	/share/guorui/投机解码训练/SpecForge/outputs/qwen3-4b-post-norm-target-hs-affine-hadamard-no-embedding-2node-1011-fromscratch-bs2-globalbs32-lr1e-3-wd1e-2-epoch3-calib-reuse3node-eval1000-fused-compact-attn-20260827-retry3/epoch_0_step_20000/model.safetensors	1164328776	1.084	1787814259	2026-08-27 15:04
outputs	qwen3-4b-post-norm-target-hs-affine-hadamard-no-embedding-2node-1011-fromscratch-bs2-globalbs32-lr1e-3-wd1e-2-epoch3-calib-reuse3node-eval1000-fused-compact-attn-20260827-retry3	epoch_0_step_15000	/share/guorui/投机解码训练/SpecForge/outputs/qwen3-4b-post-norm-target-hs-affine-hadamard-no-embedding-2node-1011-fromscratch-bs2-globalbs32-lr1e-3-wd1e-2-epoch3-calib-reuse3node-eval1000-fused-compact-attn-20260827-retry3/epoch_0_step_15000/model.safetensors	1164328776	1.084	1787811114	2026-08-27 14:11
outputs	qwen3-4b-static-non-pre-norm-one-gate-difference-pool-domino-post-norm-aggressive-slot-delta-l0-anchor-only-prepend-mask-sink-all36-b8-l7-4node-09101112-fromscratch-bs2-lr1e-3-wd1e-2-epoch3-anchor-grad-attn-sink-metrics50-flex-20260826-retry3	epoch_1_step_20000	/share/guorui/投机解码训练/SpecForge/outputs/qwen3-4b-static-non-pre-norm-one-gate-difference-pool-domino-post-norm-aggressive-slot-delta-l0-anchor-only-prepend-mask-sink-all36-b8-l7-4node-09101112-fromscratch-bs2-lr1e-3-wd1e-2-epoch3-anchor-grad-attn-sink-metrics50-flex-20260826-retry3/epoch_1_step_20000/model.safetensors	1588207038	1.479	1787705472	2026-08-26 08:51
outputs	qwen3-4b-static-non-pre-norm-one-gate-difference-pool-domino-post-norm-vscale-unified-all36-b8-l7-2node-1011-fromscratch-bs2-lr4e-3-epoch3-ma-metrics50-flex-20260825	epoch_0_step_20000	/share/guorui/投机解码训练/SpecForge/outputs/qwen3-4b-static-non-pre-norm-one-gate-difference-pool-domino-post-norm-vscale-unified-all36-b8-l7-2node-1011-fromscratch-bs2-lr4e-3-epoch3-ma-metrics50-flex-20260825/epoch_0_step_20000/model.safetensors	1588130046	1.479	1787667195	2026-08-25 22:13
outputs	qwen3-4b-static-non-pre-norm-one-gate-difference-pool-domino-pre-norm-vscale-unified-all36-b8-l7-2node-0912-fromscratch-bs2-lr4e-3-epoch3-ma-metrics50-flex-20260825	epoch_0_step_10000	/share/guorui/投机解码训练/SpecForge/outputs/qwen3-4b-static-non-pre-norm-one-gate-difference-pool-domino-pre-norm-vscale-unified-all36-b8-l7-2node-0912-fromscratch-bs2-lr4e-3-epoch3-ma-metrics50-flex-20260825/epoch_0_step_10000/model.safetensors	1588130046	1.479	1787666075	2026-08-25 21:54
outputs	qwen3-4b-static-non-pre-norm-one-gate-difference-pool-domino-post-norm-elementwise-g1-unified-all36-b8-l5-2node-1011-fromscratch-bs2-lr1p2e-3-epoch3-metrics50-flex-20260825	epoch_0_step_10000	/share/guorui/投机解码训练/SpecForge/outputs/qwen3-4b-static-non-pre-norm-one-gate-difference-pool-domino-post-norm-elementwise-g1-unified-all36-b8-l5-2node-1011-fromscratch-bs2-lr1p2e-3-epoch3-metrics50-flex-20260825/epoch_0_step_10000/model.safetensors	1268321738	1.181	1787649522	2026-08-25 17:18
outputs	qwen3-4b-static-non-pre-norm-one-gate-difference-pool-domino-post-norm-unified-all36-b8-l5-2node-1011-fromscratch-bs2-lr1p2e-3-epoch3-metrics50-flex-20260825-retry1	epoch_0_step_10000	/share/guorui/投机解码训练/SpecForge/outputs/qwen3-4b-static-non-pre-norm-one-gate-difference-pool-domino-post-norm-unified-all36-b8-l5-2node-1011-fromscratch-bs2-lr1p2e-3-epoch3-metrics50-flex-20260825-retry1/epoch_0_step_10000/model.safetensors	1163422050	1.084	1787642969	2026-08-25 15:29
outputs	qwen3-4b-separate-prefix-block-no-l2-control-peri-norm-static-non-pre-norm-one-gate-difference-pool-domino-all36-b8-l5-2node-1011-init55000-bs2-lr1p2e-3-warmup10-epoch3-metrics50-flex-20260825	epoch_0_step_20000	/share/guorui/投机解码训练/SpecForge/outputs/qwen3-4b-separate-prefix-block-no-l2-control-peri-norm-static-non-pre-norm-one-gate-difference-pool-domino-all36-b8-l5-2node-1011-init55000-bs2-lr1p2e-3-warmup10-epoch3-metrics50-flex-20260825/epoch_0_step_20000/model.safetensors	1163500506	1.084	1787634850	2026-08-25 13:14
outputs	qwen3-4b-separate-prefix-block-l2x100-all5-prefix-control-sum-peri-norm-static-non-pre-norm-one-gate-difference-pool-domino-all36-b8-l5-4node-09101112-fromscratch-bs2-lr1p2e-3-epoch3-metrics50-flex-20260824	epoch_2_step_55000	/share/guorui/投机解码训练/SpecForge/outputs/qwen3-4b-separate-prefix-block-l2x100-all5-prefix-control-sum-peri-norm-static-non-pre-norm-one-gate-difference-pool-domino-all36-b8-l5-4node-09101112-fromscratch-bs2-lr1p2e-3-epoch3-metrics50-flex-20260824/epoch_2_step_55000/model.safetensors	1163500506	1.084	1787621808	2026-08-25 09:36
outputs	qwen3-4b-separate-prefix-block-l2x100-all5-control-peri-norm-static-non-pre-norm-one-gate-difference-pool-domino-all36-b8-l5-2node-1011-fromscratch-bs2-lr1p2e-3-epoch3-metrics50-flex-20260824	epoch_0_step_5000	/share/guorui/投机解码训练/SpecForge/outputs/qwen3-4b-separate-prefix-block-l2x100-all5-control-peri-norm-static-non-pre-norm-one-gate-difference-pool-domino-all36-b8-l5-2node-1011-fromscratch-bs2-lr1p2e-3-epoch3-metrics50-flex-20260824/epoch_0_step_5000/model.safetensors	1163500506	1.084	1787589797	2026-08-25 00:43
outputs	qwen3-4b-separate-prefix-block-value-differential-beta0p5-peri-norm-static-non-pre-norm-one-gate-difference-pool-domino-all36-b8-l5-2node-0912-fromscratch-bs2-lr1p2e-3-epoch3-metrics50-flex-20260824-retry2	epoch_0_step_5000	/share/guorui/投机解码训练/SpecForge/outputs/qwen3-4b-separate-prefix-block-value-differential-beta0p5-peri-norm-static-non-pre-norm-one-gate-difference-pool-domino-all36-b8-l5-2node-0912-fromscratch-bs2-lr1p2e-3-epoch3-metrics50-flex-20260824-retry2/epoch_0_step_5000/model.safetensors	1163501084	1.084	1787583695	2026-08-24 23:01
outputs	qwen3-4b-separate-prefix-block-independent-o-block-sink-peri-norm-static-non-pre-norm-one-gate-difference-pool-domino-all36-b8-l5-2node-0912-fromscratch-bs2-lr1p2e-3-wd1e-2-epoch3-metrics50-flex-20260824	epoch_0_step_5000	/share/guorui/投机解码训练/SpecForge/outputs/qwen3-4b-separate-prefix-block-independent-o-block-sink-peri-norm-static-non-pre-norm-one-gate-difference-pool-domino-all36-b8-l5-2node-0912-fromscratch-bs2-lr1p2e-3-wd1e-2-epoch3-metrics50-flex-20260824/epoch_0_step_5000/model.safetensors	1268384810	1.181	1787578523	2026-08-24 21:35
outputs	qwen3-4b-separate-prefix-block-peri-norm-static-non-pre-norm-one-gate-difference-pool-domino-all36-b8-l5-2node-1011-fromscratch-bs2-lr1p2e-3-epoch3-metrics50-flex-20260824-retry14	epoch_0_step_15000	/share/guorui/投机解码训练/SpecForge/outputs/qwen3-4b-separate-prefix-block-peri-norm-static-non-pre-norm-one-gate-difference-pool-domino-all36-b8-l5-2node-1011-fromscratch-bs2-lr1p2e-3-epoch3-metrics50-flex-20260824-retry14/epoch_0_step_15000/model.safetensors	1163500506	1.084	1787577178	2026-08-24 21:12
outputs	qwen3-4b-separate-prefix-block-nccl-auto-20260824	epoch_3_step_120	/share/guorui/投机解码训练/SpecForge/outputs/qwen3-4b-separate-prefix-block-nccl-auto-20260824/epoch_3_step_120/model.safetensors	1163500506	1.084	1787560027	2026-08-24 16:27
outputs	qwen3-4b-separate-prefix-block-profile-single-node-20260824	epoch_3_step_60	/share/guorui/投机解码训练/SpecForge/outputs/qwen3-4b-separate-prefix-block-profile-single-node-20260824/epoch_3_step_60/model.safetensors	1163500506	1.084	1787559002	2026-08-24 16:10
outputs	qwen3-4b-peri-norm-static-non-pre-norm-one-gate-difference-pool-domino-all36-b8-l5-2node-1011-fromscratch-bs2-lr1p2e-3-epoch3-projmetrics1000-flex-clean-20260824	epoch_0_step_15000	/share/guorui/投机解码训练/SpecForge/outputs/qwen3-4b-peri-norm-static-non-pre-norm-one-gate-difference-pool-domino-all36-b8-l5-2node-1011-fromscratch-bs2-lr1p2e-3-epoch3-projmetrics1000-flex-clean-20260824/epoch_0_step_15000/model.safetensors	1163474314	1.084	1787554131	2026-08-24 14:48
outputs	qwen3-4b-attnres-rms-cache-metrics-linear-anchor-source-cond-lowrank-kv-adapter-direct-anchor-learned-sink-r128-all36-b8-l5-2node-1011-fromscratch-bs2-lr1p2e-3-epoch3-20260823-retry5	epoch_0_step_30000	/share/guorui/投机解码训练/SpecForge/outputs/qwen3-4b-attnres-rms-cache-metrics-linear-anchor-source-cond-lowrank-kv-adapter-direct-anchor-learned-sink-r128-all36-b8-l5-2node-1011-fromscratch-bs2-lr1p2e-3-epoch3-20260823-retry5/epoch_0_step_30000/model.safetensors	1429542108	1.331	1787535619	2026-08-24 09:40
outputs	qwen3-4b-qformer-kv-native-layerpos-multiblock-linear-anchor-all36-b8-p6n4-2node-0912-fromscratch-bs2-lr1p2e-3-epoch3-20260823	epoch_1_step_55000	/share/guorui/投机解码训练/SpecForge/outputs/qwen3-4b-qformer-kv-native-layerpos-multiblock-linear-anchor-all36-b8-p6n4-2node-0912-fromscratch-bs2-lr1p2e-3-epoch3-20260823/epoch_1_step_55000/model.safetensors	1382395432	1.287	1787534335	2026-08-24 09:18
outputs	qwen3-4b-prefix-gated-linear-anchor-source-cond-lowrank-kv-adapter-direct-anchor-learned-sink-r128-all36-b8-l5-2node-1011-fromscratch-bs2-lr1p2e-3-epoch3-20260823-retry1	epoch_0_step_20000	/share/guorui/投机解码训练/SpecForge/outputs/qwen3-4b-prefix-gated-linear-anchor-source-cond-lowrank-kv-adapter-direct-anchor-learned-sink-r128-all36-b8-l5-2node-1011-fromscratch-bs2-lr1p2e-3-epoch3-20260823-retry1/epoch_0_step_20000/model.safetensors	1429375454	1.331	1787506699	2026-08-24 01:38
outputs	qwen3-4b-multiblock-linear-anchor-source-cond-lowrank-kv-adapter-input-pool-learned-sink-all36-b8-p6n4-3node-131418-fromscratch-bs2-lr1p2e-3-epoch3-20260823-retry2	epoch_3_step_79809	/share/guorui/投机解码训练/SpecForge/outputs/qwen3-4b-multiblock-linear-anchor-source-cond-lowrank-kv-adapter-input-pool-learned-sink-all36-b8-p6n4-3node-131418-fromscratch-bs2-lr1p2e-3-epoch3-20260823-retry2/epoch_3_step_79809/model.safetensors	1359133652	1.266	1787479543	2026-08-23 18:05
outputs	qwen3-4b-source-cond-lowrank-kv-adapter-layernorm-pool-sink-r128-all36-b8-l5-2node-1011-fromscratch-bs2-lr1p2e-3-epoch3-20260821	epoch_0_step_15000	/share/guorui/投机解码训练/SpecForge/outputs/qwen3-4b-source-cond-lowrank-kv-adapter-layernorm-pool-sink-r128-all36-b8-l5-2node-1011-fromscratch-bs2-lr1p2e-3-epoch3-20260821/epoch_0_step_15000/model.safetensors	1376945924	1.282	1787424786	2026-08-23 02:53
outputs	qwen3-4b-linear-anchor-source-cond-lowrank-kv-adapter-input-pool-split-shift-learned-sink-r128-all36-b8-l5-2node-0912-retry1-fromscratch-bs2-lr1p2e-3-epoch3-20260822	epoch_0_step_30000	/share/guorui/投机解码训练/SpecForge/outputs/qwen3-4b-linear-anchor-source-cond-lowrank-kv-adapter-input-pool-split-shift-learned-sink-r128-all36-b8-l5-2node-0912-retry1-fromscratch-bs2-lr1p2e-3-epoch3-20260822/epoch_0_step_30000/model.safetensors	1429380144	1.331	1787417841	2026-08-23 00:57
outputs	qwen3-4b-linear-anchor-source-cond-lowrank-kv-adapter-direct-anchor-learned-sink-r128-all36-b8-l5-2node-1011-fromscratch-bs2-lr1p2e-3-epoch3-20260821-retry1	epoch_3_step_119715	/share/guorui/投机解码训练/SpecForge/outputs/qwen3-4b-linear-anchor-source-cond-lowrank-kv-adapter-direct-anchor-learned-sink-r128-all36-b8-l5-2node-1011-fromscratch-bs2-lr1p2e-3-epoch3-20260821-retry1/epoch_3_step_119715/model.safetensors	1429374948	1.331	1787399133	2026-08-22 19:45
outputs	qwen3-4b-query-refine-static-non-pre-norm-one-gate-difference-pool-domino-all36-b8-l5-2node-0912-bs2-lr1p2e-3-epoch3-20260821-fromscratch	epoch_3_step_119715	/share/guorui/投机解码训练/SpecForge/outputs/qwen3-4b-query-refine-static-non-pre-norm-one-gate-difference-pool-domino-all36-b8-l5-2node-0912-bs2-lr1p2e-3-epoch3-20260821-fromscratch/epoch_3_step_119715/model.safetensors	1163422050	1.084	1787375618	2026-08-22 13:13
outputs	qwen3-4b-linear-anchor-source-cond-lowrank-kv-adapter-direct-anchor-learned-sink-r128-all36-b8-l9-2node-1011-fromscratch-bs2-lr1p2e-3-epoch3-20260821-retry1	epoch_0_step_15000	/share/guorui/投机解码训练/SpecForge/outputs/qwen3-4b-linear-anchor-source-cond-lowrank-kv-adapter-direct-anchor-learned-sink-r128-all36-b8-l9-2node-1011-fromscratch-bs2-lr1p2e-3-epoch3-20260821-retry1/epoch_0_step_15000/model.safetensors	2449085340	2.281	1787322326	2026-08-21 22:25
outputs	qwen3-4b-linear-anchor-source-cond-lowrank-kv-adapter-learned-sink-r128-all36-b8-l9-2node-1011-fromscratch-bs2-lr1p2e-3-epoch3-20260821-retry1	epoch_0_step_10000	/share/guorui/投机解码训练/SpecForge/outputs/qwen3-4b-linear-anchor-source-cond-lowrank-kv-adapter-learned-sink-r128-all36-b8-l9-2node-1011-fromscratch-bs2-lr1p2e-3-epoch3-20260821-retry1/epoch_0_step_10000/model.safetensors	2449090536	2.281	1787306926	2026-08-21 18:08
outputs	qwen3-4b-source-cond-lowrank-kv-adapter-layernorm-pool-learned-sink-r128-all36-b8-l9-2node-1011-fromscratch-bs2-lr1p2e-3-epoch3-20260821-retry7	epoch_0_step_5000	/share/guorui/投机解码训练/SpecForge/outputs/qwen3-4b-source-cond-lowrank-kv-adapter-layernorm-pool-learned-sink-r128-all36-b8-l9-2node-1011-fromscratch-bs2-lr1p2e-3-epoch3-20260821-retry7/epoch_0_step_5000/model.safetensors	2396702500	2.232	1787297272	2026-08-21 15:27
outputs	qwen3-4b-source-cond-lowrank-kv-adapter-layernorm-pool-learned-sink-r128-all36-b8-l5-2node-1011-fromscratch-bs2-lr1p2e-3-epoch3-20260821-retry5	epoch_0_step_5000	/share/guorui/投机解码训练/SpecForge/outputs/qwen3-4b-source-cond-lowrank-kv-adapter-layernorm-pool-learned-sink-r128-all36-b8-l5-2node-1011-fromscratch-bs2-lr1p2e-3-epoch3-20260821-retry5/epoch_0_step_5000/model.safetensors	1376971628	1.282	1787292153	2026-08-21 14:02
outputs	qwen3-4b-linear-anchor-source-cond-lowrank-kv-adapter-r128-all36-b8-l5-3node-091011-prefixsafe-bs2-lr1p2e-3-epoch3-20260820	epoch_1_step_35000	/share/guorui/投机解码训练/SpecForge/outputs/qwen3-4b-linear-anchor-source-cond-lowrank-kv-adapter-r128-all36-b8-l5-3node-091011-prefixsafe-bs2-lr1p2e-3-epoch3-20260820/epoch_1_step_35000/model.safetensors	1429349308	1.331	1787273589	2026-08-21 08:53
outputs	qwen3-4b-source-cond-lowrank-kv-adapter-r128-all36-b8-l5-2node-1011-bs2-lr1p2e-3-epoch3-20260820-retry3	epoch_1_step_40000	/share/guorui/投机解码训练/SpecForge/outputs/qwen3-4b-source-cond-lowrank-kv-adapter-r128-all36-b8-l5-2node-1011-bs2-lr1p2e-3-epoch3-20260820-retry3/epoch_1_step_40000/model.safetensors	1376920210	1.282	1787241084	2026-08-20 23:51
outputs	qwen3-4b-static-enc-dec-pool-domino-independent-o-all36-b8-l5-2node-1011-bs2-lr1p2e-3-epoch3-20260820-retry2	epoch_0_step_10000	/share/guorui/投机解码训练/SpecForge/outputs/qwen3-4b-static-enc-dec-pool-domino-independent-o-all36-b8-l5-2node-1011-bs2-lr1p2e-3-epoch3-20260820-retry2/epoch_0_step_10000/model.safetensors	1373220578	1.279	1787213521	2026-08-20 16:12
outputs	qwen3-4b-static-enc-dec-pool-domino-all36-b16-l5-2node-1011-bs2-lr1p2e-3-epoch3-20260820-retry6	epoch_0_step_5000	/share/guorui/投机解码训练/SpecForge/outputs/qwen3-4b-static-enc-dec-pool-domino-all36-b16-l5-2node-1011-bs2-lr1p2e-3-epoch3-20260820-retry6/epoch_0_step_5000/model.safetensors	1268358626	1.181	1787203334	2026-08-20 13:22
outputs	qwen3-4b-static-non-pre-norm-one-gate-difference-pool-domino-two-tap-conv-all36-b16-l5-4node-09101112-bs2-lr1p2e-3-epoch3-ar-eval-20260820	epoch_3_step_59253	/share/guorui/投机解码训练/SpecForge/outputs/qwen3-4b-static-non-pre-norm-one-gate-difference-pool-domino-two-tap-conv-all36-b16-l5-4node-09101112-bs2-lr1p2e-3-epoch3-ar-eval-20260820/epoch_3_step_59253/model.safetensors	1196222738	1.114	1787188060	2026-08-20 09:07
outputs	qwen3-4b-static-non-pre-norm-one-gate-difference-no-anchor-pool-domino-all36-b16-l5-4node-09101112-bs2-lr1p2e-3-epoch4-ar-eval-20260819	epoch_0_step_5000	/share/guorui/投机解码训练/SpecForge/outputs/qwen3-4b-static-non-pre-norm-one-gate-difference-no-anchor-pool-domino-all36-b16-l5-4node-09101112-bs2-lr1p2e-3-epoch4-ar-eval-20260819/epoch_0_step_5000/model.safetensors	1163427258	1.084	1787154021	2026-08-19 23:40
/data/guorui/checkpoint-trash	qwen3-4b-fork-domino-full31-n8-noeval-metrics-action4-v2-base150k-lr5e5-2node-0509-20260818	epoch_0_step_5000-20260818-080736	/data/guorui/checkpoint-trash/qwen3-4b-fork-domino-full31-n8-noeval-metrics-action4-v2-base150k-lr5e5-2node-0509-20260818/epoch_0_step_5000-20260818-080736/model.safetensors	1192260196	1.110	1787009352	2026-08-18 07:29
/data/guorui/checkpoint-trash	qwen3-4b-fork-domino-full31-n8-noeval-metrics-fixed-base150k-lr5e5-2node-0509-20260818	epoch_0_step_20000-20260818-085130	/data/guorui/checkpoint-trash/qwen3-4b-fork-domino-full31-n8-noeval-metrics-fixed-base150k-lr5e5-2node-0509-20260818/epoch_0_step_20000-20260818-085130/model.safetensors	1192260196	1.110	1787006563	2026-08-18 06:42
/data/guorui/checkpoint-trash	qwen3-4b-fork-domino-full31-n8-noeval-metrics-fixed-base150k-lr5e5-2node-0509-20260818	epoch_0_step_15000-20260818-064243	/data/guorui/checkpoint-trash/qwen3-4b-fork-domino-full31-n8-noeval-metrics-fixed-base150k-lr5e5-2node-0509-20260818/epoch_0_step_15000-20260818-064243/model.safetensors	1192260196	1.110	1787004239	2026-08-18 06:03
/data/guorui/checkpoint-trash	qwen3-4b-fork-domino-full31-n8-noeval-metrics-fixed-base150k-lr5e5-2node-0509-20260818	epoch_0_step_10000-20260818-060359	/data/guorui/checkpoint-trash/qwen3-4b-fork-domino-full31-n8-noeval-metrics-fixed-base150k-lr5e5-2node-0509-20260818/epoch_0_step_10000-20260818-060359/model.safetensors	1192260196	1.110	1787001918	2026-08-18 05:25
/data/guorui/checkpoint-trash	qwen3-4b-fork-domino-full31-n8-noeval-metrics-fixed-base150k-lr5e5-2node-0509-20260818	epoch_0_step_5000-20260818-052518	/data/guorui/checkpoint-trash/qwen3-4b-fork-domino-full31-n8-noeval-metrics-fixed-base150k-lr5e5-2node-0509-20260818/epoch_0_step_5000-20260818-052518/model.safetensors	1192260196	1.110	1786999599	2026-08-18 04:46
/data/guorui/checkpoint-trash	qwen3-4b-fork-domino-all36-b16-l5-split2-r256-2node-0509-continue-step2000-retry5d-strict-reference	epoch_0_step_28000-20260818-015820	/data/guorui/checkpoint-trash/qwen3-4b-fork-domino-all36-b16-l5-split2-r256-2node-0509-continue-step2000-retry5d-strict-reference/epoch_0_step_28000-20260818-015820/model.safetensors	1170646752	1.090	1786988492	2026-08-18 01:41
/data/guorui/checkpoint-trash	qwen3-4b-fork-domino-all36-b16-l5-split2-r256-2node-0509-continue-step2000-retry5d-strict-reference	epoch_0_step_26000-20260818-014956	/data/guorui/checkpoint-trash/qwen3-4b-fork-domino-all36-b16-l5-split2-r256-2node-0509-continue-step2000-retry5d-strict-reference/epoch_0_step_26000-20260818-014956/model.safetensors	1170646752	1.090	1786987989	2026-08-18 01:33
/data/guorui/checkpoint-trash	qwen3-4b-fork-domino-all36-b16-l5-split2-r256-2node-0509-continue-step2000-retry5d-strict-reference	epoch_0_step_24000-20260818-014132	/data/guorui/checkpoint-trash/qwen3-4b-fork-domino-all36-b16-l5-split2-r256-2node-0509-continue-step2000-retry5d-strict-reference/epoch_0_step_24000-20260818-014132/model.safetensors	1170646752	1.090	1786987483	2026-08-18 01:24
/data/guorui/checkpoint-trash	qwen3-4b-fork-domino-all36-b16-l5-split2-r256-2node-0509-continue-step2000-retry5d-strict-reference	epoch_0_step_22000-20260818-013309	/data/guorui/checkpoint-trash/qwen3-4b-fork-domino-all36-b16-l5-split2-r256-2node-0509-continue-step2000-retry5d-strict-reference/epoch_0_step_22000-20260818-013309/model.safetensors	1170646752	1.090	1786986980	2026-08-18 01:16
/data/guorui/checkpoint-trash	qwen3-4b-fork-domino-all36-b16-l5-split2-r256-2node-0509-continue-step2000-retry5d-strict-reference	epoch_0_step_20000-20260818-012443	/data/guorui/checkpoint-trash/qwen3-4b-fork-domino-all36-b16-l5-split2-r256-2node-0509-continue-step2000-retry5d-strict-reference/epoch_0_step_20000-20260818-012443/model.safetensors	1170646752	1.090	1786986477	2026-08-18 01:07
/data/guorui/checkpoint-trash	qwen3-4b-fork-domino-all36-b16-l5-split2-r256-2node-0509-continue-step2000-retry5d-strict-reference	epoch_0_step_18000-20260818-011620	/data/guorui/checkpoint-trash/qwen3-4b-fork-domino-all36-b16-l5-split2-r256-2node-0509-continue-step2000-retry5d-strict-reference/epoch_0_step_18000-20260818-011620/model.safetensors	1170646752	1.090	1786985973	2026-08-18 00:59
/data/guorui/checkpoint-trash	qwen3-4b-fork-domino-all36-b16-l5-split2-r256-2node-0509-continue-step2000-retry5d-strict-reference	epoch_0_step_16000-20260818-010757	/data/guorui/checkpoint-trash/qwen3-4b-fork-domino-all36-b16-l5-split2-r256-2node-0509-continue-step2000-retry5d-strict-reference/epoch_0_step_16000-20260818-010757/model.safetensors	1170646752	1.090	1786985467	2026-08-18 00:51
/data/guorui/checkpoint-trash	qwen3-4b-fork-domino-all36-b16-l5-split2-r256-2node-0509-continue-step2000-retry5d-strict-reference	epoch_0_step_14000-20260818-005933	/data/guorui/checkpoint-trash/qwen3-4b-fork-domino-all36-b16-l5-split2-r256-2node-0509-continue-step2000-retry5d-strict-reference/epoch_0_step_14000-20260818-005933/model.safetensors	1170646752	1.090	1786984960	2026-08-18 00:42
/data/guorui/checkpoint-trash	qwen3-4b-fork-domino-all36-b16-l5-split2-r256-2node-0509-continue-step2000-retry5d-strict-reference	epoch_0_step_12000-20260818-005107	/data/guorui/checkpoint-trash/qwen3-4b-fork-domino-all36-b16-l5-split2-r256-2node-0509-continue-step2000-retry5d-strict-reference/epoch_0_step_12000-20260818-005107/model.safetensors	1170646752	1.090	1786984455	2026-08-18 00:34
/data/guorui/checkpoint-trash	qwen3-4b-fork-domino-all36-b16-l5-split2-r256-2node-0509-continue-step2000-retry5d-strict-reference	epoch_0_step_10000-20260818-004240	/data/guorui/checkpoint-trash/qwen3-4b-fork-domino-all36-b16-l5-split2-r256-2node-0509-continue-step2000-retry5d-strict-reference/epoch_0_step_10000-20260818-004240/model.safetensors	1170646752	1.090	1786983949	2026-08-18 00:25
/data/guorui/checkpoint-trash	qwen3-4b-fork-domino-all36-b16-l5-split2-r256-2node-0509-continue-step2000-retry5d-strict-reference	epoch_0_step_8000-20260818-003415	/data/guorui/checkpoint-trash/qwen3-4b-fork-domino-all36-b16-l5-split2-r256-2node-0509-continue-step2000-retry5d-strict-reference/epoch_0_step_8000-20260818-003415/model.safetensors	1170646752	1.090	1786983446	2026-08-18 00:17
/data/guorui/checkpoint-trash	qwen3-4b-fork-domino-all36-b16-l5-split2-r256-2node-0509-continue-step2000-retry5d-strict-reference	epoch_0_step_6000-20260818-002549	/data/guorui/checkpoint-trash/qwen3-4b-fork-domino-all36-b16-l5-split2-r256-2node-0509-continue-step2000-retry5d-strict-reference/epoch_0_step_6000-20260818-002549/model.safetensors	1170646752	1.090	1786982942	2026-08-18 00:09
/data/guorui/checkpoint-trash	qwen3-4b-fork-domino-all36-b16-l5-split2-r256-2node-0509-continue-step2000-retry5d-strict-reference	epoch_0_step_4000-20260818-001726	/data/guorui/checkpoint-trash/qwen3-4b-fork-domino-all36-b16-l5-split2-r256-2node-0509-continue-step2000-retry5d-strict-reference/epoch_0_step_4000-20260818-001726/model.safetensors	1170646752	1.090	1786982446	2026-08-18 00:00
/data/guorui/checkpoint-trash	qwen3-4b-fork-domino-all36-b16-l5-split2-r256-2node-0509-continue-step2000-retry5d-strict-reference	epoch_0_step_2000-20260818-000902	/data/guorui/checkpoint-trash/qwen3-4b-fork-domino-all36-b16-l5-split2-r256-2node-0509-continue-step2000-retry5d-strict-reference/epoch_0_step_2000-20260818-000902/model.safetensors	1170646752	1.090	1786981949	2026-08-17 23:52
outputs	qwen3-4b-static-strict-accept-hist-eval-node10-20260817	epoch_1_step_0	/share/guorui/投机解码训练/SpecForge/outputs/qwen3-4b-static-strict-accept-hist-eval-node10-20260817/epoch_1_step_0/model.safetensors	1163422040	1.084	1786953967	2026-08-17 16:06
outputs	qwen3-4b-static-strict-prefix-accept-eval-node10-20260817	epoch_1_step_0	/share/guorui/投机解码训练/SpecForge/outputs/qwen3-4b-static-strict-prefix-accept-eval-node10-20260817/epoch_1_step_0/model.safetensors	1163422040	1.084	1786953016	2026-08-17 15:50
outputs	qwen3-4b-static-strict-loss-decomp-eval-node10-20260817-retry6	epoch_1_step_0	/share/guorui/投机解码训练/SpecForge/outputs/qwen3-4b-static-strict-loss-decomp-eval-node10-20260817-retry6/epoch_1_step_0/model.safetensors	1163422040	1.084	1786947705	2026-08-17 14:21
outputs	qwen3-4b-static-strict-loss-decomp-eval-node10-20260817-retry5	epoch_1_step_0	/share/guorui/投机解码训练/SpecForge/outputs/qwen3-4b-static-strict-loss-decomp-eval-node10-20260817-retry5/epoch_1_step_0/model.safetensors	1163422040	1.084	1786947500	2026-08-17 14:18
outputs	qwen3-4b-static-strict-loss-decomp-eval-node10-20260817-retry4	epoch_1_step_0	/share/guorui/投机解码训练/SpecForge/outputs/qwen3-4b-static-strict-loss-decomp-eval-node10-20260817-retry4/epoch_1_step_0/model.safetensors	1163422040	1.084	1786947322	2026-08-17 14:15
outputs	qwen3-4b-static-strict-loss-decomp-eval-node10-20260817-retry3	epoch_1_step_0	/share/guorui/投机解码训练/SpecForge/outputs/qwen3-4b-static-strict-loss-decomp-eval-node10-20260817-retry3/epoch_1_step_0/model.safetensors	1163422040	1.084	1786947135	2026-08-17 14:12
outputs	qwen3-4b-static-strict-loss-decomp-eval-node10-20260817-retry2	epoch_1_step_0	/share/guorui/投机解码训练/SpecForge/outputs/qwen3-4b-static-strict-loss-decomp-eval-node10-20260817-retry2/epoch_1_step_0/model.safetensors	1163422040	1.084	1786946915	2026-08-17 14:08
outputs	qwen3-4b-static-strict-loss-decomp-eval-node10-20260817	epoch_1_step_0	/share/guorui/投机解码训练/SpecForge/outputs/qwen3-4b-static-strict-loss-decomp-eval-node10-20260817/epoch_1_step_0/model.safetensors	1163422040	1.084	1786946030	2026-08-17 13:53
/data/guorui/checkpoint-trash	qwen3-4b-residual-static-gate-pool-domino-shared-q-causal-block-all36-b16-l7-2node-0509-bs2-epoch4-ar-eval-20260814	epoch_3_step_155000-20260816-031538	/data/guorui/checkpoint-trash/qwen3-4b-residual-static-gate-pool-domino-shared-q-causal-block-all36-b16-l7-2node-0509-bs2-epoch4-ar-eval-20260814/epoch_3_step_155000-20260816-031538/model.safetensors	1588207014	1.479	1786819580	2026-08-16 02:46
/data/guorui/checkpoint-trash	qwen3-4b-residual-static-gate-pool-domino-shared-q-causal-block-all36-b16-l7-2node-0509-bs2-epoch4-ar-eval-20260814	epoch_3_step_150000-20260816-024621	/data/guorui/checkpoint-trash/qwen3-4b-residual-static-gate-pool-domino-shared-q-causal-block-all36-b16-l7-2node-0509-bs2-epoch4-ar-eval-20260814/epoch_3_step_150000-20260816-024621/model.safetensors	1588207014	1.479	1786816669	2026-08-16 01:57
/data/guorui/checkpoint-trash	qwen3-4b-residual-static-gate-pool-domino-shared-q-causal-block-all36-b16-l7-2node-0509-bs2-epoch4-ar-eval-20260814	epoch_3_step_145000-20260816-015749	/data/guorui/checkpoint-trash/qwen3-4b-residual-static-gate-pool-domino-shared-q-causal-block-all36-b16-l7-2node-0509-bs2-epoch4-ar-eval-20260814/epoch_3_step_145000-20260816-015749/model.safetensors	1588207014	1.479	1786813760	2026-08-16 01:09
/data/guorui/checkpoint-trash	qwen3-4b-residual-static-gate-pool-domino-shared-q-causal-block-all36-b16-l7-2node-0509-bs2-epoch4-ar-eval-20260814	epoch_3_step_140000-20260816-010920	/data/guorui/checkpoint-trash/qwen3-4b-residual-static-gate-pool-domino-shared-q-causal-block-all36-b16-l7-2node-0509-bs2-epoch4-ar-eval-20260814/epoch_3_step_140000-20260816-010920/model.safetensors	1588207014	1.479	1786810854	2026-08-16 00:20
/data/guorui/checkpoint-trash	qwen3-4b-residual-static-gate-pool-domino-shared-q-causal-block-all36-b16-l7-2node-0509-bs2-epoch4-ar-eval-20260814	epoch_3_step_135000-20260816-002055	/data/guorui/checkpoint-trash/qwen3-4b-residual-static-gate-pool-domino-shared-q-causal-block-all36-b16-l7-2node-0509-bs2-epoch4-ar-eval-20260814/epoch_3_step_135000-20260816-002055/model.safetensors	1588207014	1.479	1786807941	2026-08-15 23:32
/data/guorui/checkpoint-trash	qwen3-4b-residual-static-gate-pool-domino-shared-q-causal-block-all36-b16-l7-2node-0509-bs2-epoch4-ar-eval-20260814	epoch_3_step_130000-20260815-233221	/data/guorui/checkpoint-trash/qwen3-4b-residual-static-gate-pool-domino-shared-q-causal-block-all36-b16-l7-2node-0509-bs2-epoch4-ar-eval-20260814/epoch_3_step_130000-20260815-233221/model.safetensors	1588207014	1.479	1786805034	2026-08-15 22:43
/data/guorui/checkpoint-trash	qwen3-4b-residual-static-gate-pool-domino-shared-q-causal-block-all36-b16-l7-2node-0509-bs2-epoch4-ar-eval-20260814	epoch_3_step_125000-20260815-224354	/data/guorui/checkpoint-trash/qwen3-4b-residual-static-gate-pool-domino-shared-q-causal-block-all36-b16-l7-2node-0509-bs2-epoch4-ar-eval-20260814/epoch_3_step_125000-20260815-224354/model.safetensors	1588207014	1.479	1786802132	2026-08-15 21:55
/data/guorui/checkpoint-trash	qwen3-4b-residual-static-gate-pool-domino-shared-q-causal-block-all36-b16-l7-2node-0509-bs2-epoch4-ar-eval-20260814	epoch_3_step_120000-20260815-215532	/data/guorui/checkpoint-trash/qwen3-4b-residual-static-gate-pool-domino-shared-q-causal-block-all36-b16-l7-2node-0509-bs2-epoch4-ar-eval-20260814/epoch_3_step_120000-20260815-215532/model.safetensors	1588207014	1.479	1786799229	2026-08-15 21:07
/data/guorui/checkpoint-trash	qwen3-4b-residual-static-gate-pool-domino-shared-q-causal-block-all36-b16-l7-2node-0509-bs2-epoch4-ar-eval-20260814	epoch_2_step_115000-20260815-210710	/data/guorui/checkpoint-trash/qwen3-4b-residual-static-gate-pool-domino-shared-q-causal-block-all36-b16-l7-2node-0509-bs2-epoch4-ar-eval-20260814/epoch_2_step_115000-20260815-210710/model.safetensors	1588207014	1.479	1786796325	2026-08-15 20:18
/data/guorui/checkpoint-trash	qwen3-4b-residual-static-gate-pool-domino-shared-q-causal-block-all36-b16-l7-2node-0509-bs2-epoch4-ar-eval-20260814	epoch_2_step_110000-20260815-201846	/data/guorui/checkpoint-trash/qwen3-4b-residual-static-gate-pool-domino-shared-q-causal-block-all36-b16-l7-2node-0509-bs2-epoch4-ar-eval-20260814/epoch_2_step_110000-20260815-201846/model.safetensors	1588207014	1.479	1786793419	2026-08-15 19:30
/data/guorui/checkpoint-trash	qwen3-4b-residual-static-gate-pool-domino-shared-q-causal-block-all36-b16-l7-2node-0509-bs2-epoch4-ar-eval-20260814	epoch_2_step_105000-20260815-193020	/data/guorui/checkpoint-trash/qwen3-4b-residual-static-gate-pool-domino-shared-q-causal-block-all36-b16-l7-2node-0509-bs2-epoch4-ar-eval-20260814/epoch_2_step_105000-20260815-193020/model.safetensors	1588207014	1.479	1786790510	2026-08-15 18:41
/data/guorui/checkpoint-trash	qwen3-4b-residual-static-gate-pool-domino-shared-q-causal-block-all36-b16-l7-2node-0509-bs2-epoch4-ar-eval-20260814	epoch_2_step_100000-20260815-184151	/data/guorui/checkpoint-trash/qwen3-4b-residual-static-gate-pool-domino-shared-q-causal-block-all36-b16-l7-2node-0509-bs2-epoch4-ar-eval-20260814/epoch_2_step_100000-20260815-184151/model.safetensors	1588207014	1.479	1786787605	2026-08-15 17:53
/data/guorui/checkpoint-trash	qwen3-4b-residual-static-gate-pool-domino-shared-q-causal-block-all36-b16-l7-2node-0509-bs2-epoch4-ar-eval-20260814	epoch_2_step_95000-20260815-175325	/data/guorui/checkpoint-trash/qwen3-4b-residual-static-gate-pool-domino-shared-q-causal-block-all36-b16-l7-2node-0509-bs2-epoch4-ar-eval-20260814/epoch_2_step_95000-20260815-175325/model.safetensors	1588207014	1.479	1786784696	2026-08-15 17:04
/data/guorui/checkpoint-trash	qwen3-4b-residual-static-gate-pool-domino-shared-q-causal-block-all36-b16-l7-2node-0509-bs2-epoch4-ar-eval-20260814	epoch_2_step_90000-20260815-170457	/data/guorui/checkpoint-trash/qwen3-4b-residual-static-gate-pool-domino-shared-q-causal-block-all36-b16-l7-2node-0509-bs2-epoch4-ar-eval-20260814/epoch_2_step_90000-20260815-170457/model.safetensors	1588207014	1.479	1786781796	2026-08-15 16:16
/data/guorui/checkpoint-trash	qwen3-4b-residual-static-gate-pool-domino-shared-q-causal-block-all36-b16-l7-2node-0509-bs2-epoch4-ar-eval-20260814	epoch_2_step_85000-20260815-161636	/data/guorui/checkpoint-trash/qwen3-4b-residual-static-gate-pool-domino-shared-q-causal-block-all36-b16-l7-2node-0509-bs2-epoch4-ar-eval-20260814/epoch_2_step_85000-20260815-161636/model.safetensors	1588207014	1.479	1786778891	2026-08-15 15:28
/data/guorui/checkpoint-trash	qwen3-4b-residual-static-gate-pool-domino-shared-q-causal-block-all36-b16-l7-2node-0509-bs2-epoch4-ar-eval-20260814	epoch_2_step_80000-20260815-152811	/data/guorui/checkpoint-trash/qwen3-4b-residual-static-gate-pool-domino-shared-q-causal-block-all36-b16-l7-2node-0509-bs2-epoch4-ar-eval-20260814/epoch_2_step_80000-20260815-152811/model.safetensors	1588207014	1.479	1786775990	2026-08-15 14:39
/data/guorui/checkpoint-trash	qwen3-4b-residual-static-gate-pool-domino-shared-q-causal-block-all36-b16-l7-2node-0509-bs2-epoch4-ar-eval-20260814	epoch_1_step_75000-20260815-143950	/data/guorui/checkpoint-trash/qwen3-4b-residual-static-gate-pool-domino-shared-q-causal-block-all36-b16-l7-2node-0509-bs2-epoch4-ar-eval-20260814/epoch_1_step_75000-20260815-143950/model.safetensors	1588207014	1.479	1786773078	2026-08-15 13:51
/data/guorui/checkpoint-trash	qwen3-4b-residual-static-gate-pool-domino-shared-q-causal-block-all36-b16-l7-2node-0509-bs2-epoch4-ar-eval-20260814	epoch_1_step_70000-20260815-135118	/data/guorui/checkpoint-trash/qwen3-4b-residual-static-gate-pool-domino-shared-q-causal-block-all36-b16-l7-2node-0509-bs2-epoch4-ar-eval-20260814/epoch_1_step_70000-20260815-135118/model.safetensors	1588207014	1.479	1786770167	2026-08-15 13:02
/data/guorui/checkpoint-trash	qwen3-4b-residual-static-gate-pool-domino-shared-q-causal-block-all36-b16-l7-2node-0509-bs2-epoch4-ar-eval-20260814	epoch_1_step_65000-20260815-130248	/data/guorui/checkpoint-trash/qwen3-4b-residual-static-gate-pool-domino-shared-q-causal-block-all36-b16-l7-2node-0509-bs2-epoch4-ar-eval-20260814/epoch_1_step_65000-20260815-130248/model.safetensors	1588207014	1.479	1786767264	2026-08-15 12:14
/data/guorui/checkpoint-trash	qwen3-4b-residual-static-gate-pool-domino-shared-q-causal-block-all36-b16-l7-2node-0509-bs2-epoch4-ar-eval-20260814	epoch_1_step_60000-20260815-121425	/data/guorui/checkpoint-trash/qwen3-4b-residual-static-gate-pool-domino-shared-q-causal-block-all36-b16-l7-2node-0509-bs2-epoch4-ar-eval-20260814/epoch_1_step_60000-20260815-121425/model.safetensors	1588207014	1.479	1786764359	2026-08-15 11:25
/data/guorui/checkpoint-trash	qwen3-4b-residual-static-gate-pool-domino-shared-q-causal-block-all36-b16-l7-2node-0509-bs2-epoch4-ar-eval-20260814	epoch_1_step_55000-20260815-112600	/data/guorui/checkpoint-trash/qwen3-4b-residual-static-gate-pool-domino-shared-q-causal-block-all36-b16-l7-2node-0509-bs2-epoch4-ar-eval-20260814/epoch_1_step_55000-20260815-112600/model.safetensors	1588207014	1.479	1786761459	2026-08-15 10:37
/data/guorui/checkpoint-trash	qwen3-4b-residual-static-gate-pool-domino-shared-q-causal-block-all36-b16-l7-2node-0509-bs2-epoch4-ar-eval-20260814	epoch_1_step_50000-20260815-103740	/data/guorui/checkpoint-trash/qwen3-4b-residual-static-gate-pool-domino-shared-q-causal-block-all36-b16-l7-2node-0509-bs2-epoch4-ar-eval-20260814/epoch_1_step_50000-20260815-103740/model.safetensors	1588207014	1.479	1786758553	2026-08-15 09:49
/data/guorui/checkpoint-trash	qwen3-4b-residual-static-gate-pool-domino-shared-q-causal-block-all36-b16-l7-2node-0509-bs2-epoch4-ar-eval-20260814	epoch_1_step_45000-20260815-094914	/data/guorui/checkpoint-trash/qwen3-4b-residual-static-gate-pool-domino-shared-q-causal-block-all36-b16-l7-2node-0509-bs2-epoch4-ar-eval-20260814/epoch_1_step_45000-20260815-094914/model.safetensors	1588207014	1.479	1786755647	2026-08-15 09:00
/data/guorui/checkpoint-trash	qwen3-4b-residual-static-gate-pool-domino-shared-q-causal-block-all36-b16-l7-2node-0509-bs2-epoch4-ar-eval-20260814	epoch_1_step_40000-20260815-090047	/data/guorui/checkpoint-trash/qwen3-4b-residual-static-gate-pool-domino-shared-q-causal-block-all36-b16-l7-2node-0509-bs2-epoch4-ar-eval-20260814/epoch_1_step_40000-20260815-090047/model.safetensors	1588207014	1.479	1786752743	2026-08-15 08:12
/data/guorui/checkpoint-trash	qwen3-4b-residual-static-gate-pool-domino-shared-q-causal-block-all36-b16-l7-2node-0509-bs2-epoch4-ar-eval-20260814	epoch_0_step_35000-20260815-081224	/data/guorui/checkpoint-trash/qwen3-4b-residual-static-gate-pool-domino-shared-q-causal-block-all36-b16-l7-2node-0509-bs2-epoch4-ar-eval-20260814/epoch_0_step_35000-20260815-081224/model.safetensors	1588207014	1.479	1786749837	2026-08-15 07:23
/data/guorui/checkpoint-trash	qwen3-4b-residual-static-gate-pool-domino-shared-q-causal-block-all36-b16-l7-2node-0509-bs2-epoch4-ar-eval-20260814	epoch_0_step_30000-20260815-072357	/data/guorui/checkpoint-trash/qwen3-4b-residual-static-gate-pool-domino-shared-q-causal-block-all36-b16-l7-2node-0509-bs2-epoch4-ar-eval-20260814/epoch_0_step_30000-20260815-072357/model.safetensors	1588207014	1.479	1786746932	2026-08-15 06:35
/data/guorui/checkpoint-trash	qwen3-4b-residual-static-gate-pool-domino-shared-q-causal-block-all36-b16-l7-2node-0509-bs2-epoch4-ar-eval-20260814	epoch_0_step_25000-20260815-063533	/data/guorui/checkpoint-trash/qwen3-4b-residual-static-gate-pool-domino-shared-q-causal-block-all36-b16-l7-2node-0509-bs2-epoch4-ar-eval-20260814/epoch_0_step_25000-20260815-063533/model.safetensors	1588207014	1.479	1786744027	2026-08-15 05:47
/data/guorui/checkpoint-trash	qwen3-4b-residual-static-gate-pool-domino-shared-q-causal-block-all36-b16-l7-2node-0509-bs2-epoch4-ar-eval-20260814	epoch_0_step_20000-20260815-054707	/data/guorui/checkpoint-trash/qwen3-4b-residual-static-gate-pool-domino-shared-q-causal-block-all36-b16-l7-2node-0509-bs2-epoch4-ar-eval-20260814/epoch_0_step_20000-20260815-054707/model.safetensors	1588207014	1.479	1786741131	2026-08-15 04:58
/data/guorui/checkpoint-trash	qwen3-4b-residual-static-gate-pool-domino-shared-q-causal-block-all36-b16-l7-2node-0509-bs2-epoch4-ar-eval-20260814	epoch_0_step_15000-20260815-045852	/data/guorui/checkpoint-trash/qwen3-4b-residual-static-gate-pool-domino-shared-q-causal-block-all36-b16-l7-2node-0509-bs2-epoch4-ar-eval-20260814/epoch_0_step_15000-20260815-045852/model.safetensors	1588207014	1.479	1786738228	2026-08-15 04:10
/data/guorui/checkpoint-trash	qwen3-4b-residual-static-gate-pool-domino-shared-q-causal-block-all36-b16-l7-2node-0509-bs2-epoch4-ar-eval-20260814	epoch_0_step_10000-20260815-041028	/data/guorui/checkpoint-trash/qwen3-4b-residual-static-gate-pool-domino-shared-q-causal-block-all36-b16-l7-2node-0509-bs2-epoch4-ar-eval-20260814/epoch_0_step_10000-20260815-041028/model.safetensors	1588207014	1.479	1786735324	2026-08-15 03:22
/data/guorui/checkpoint-trash	qwen3-4b-residual-static-gate-pool-domino-shared-q-causal-block-all36-b16-l7-2node-0509-bs2-epoch4-ar-eval-20260814	epoch_0_step_5000-20260815-032205	/data/guorui/checkpoint-trash/qwen3-4b-residual-static-gate-pool-domino-shared-q-causal-block-all36-b16-l7-2node-0509-bs2-epoch4-ar-eval-20260814/epoch_0_step_5000-20260815-032205/model.safetensors	1588207014	1.479	1786732437	2026-08-15 02:33
/data/guorui/checkpoint-trash	qwen3-4b-residual-static-gate-pool-domino-shared-q-all36-b16-l5-5node-0509101112-bs2-epoch4-ar-eval-20260814	epoch_3_step_50000-20260814-092310	/data/guorui/checkpoint-trash/qwen3-4b-residual-static-gate-pool-domino-shared-q-all36-b16-l5-5node-0509101112-bs2-epoch4-ar-eval-20260814/epoch_3_step_50000-20260814-092310/model.safetensors	1163499018	1.084	1786668036	2026-08-14 08:40
/data/guorui/checkpoint-trash	qwen3-4b-residual-static-gate-pool-domino-shared-q-all36-b16-l5-5node-0509101112-bs2-epoch4-ar-eval-20260814	epoch_2_step_45000-20260814-084036	/data/guorui/checkpoint-trash/qwen3-4b-residual-static-gate-pool-domino-shared-q-all36-b16-l5-5node-0509101112-bs2-epoch4-ar-eval-20260814/epoch_2_step_45000-20260814-084036/model.safetensors	1163499018	1.084	1786665482	2026-08-14 07:58
/data/guorui/checkpoint-trash	qwen3-4b-residual-static-gate-pool-domino-shared-q-all36-b16-l5-5node-0509101112-bs2-epoch4-ar-eval-20260814	epoch_2_step_40000-20260814-075803	/data/guorui/checkpoint-trash/qwen3-4b-residual-static-gate-pool-domino-shared-q-all36-b16-l5-5node-0509101112-bs2-epoch4-ar-eval-20260814/epoch_2_step_40000-20260814-075803/model.safetensors	1163499018	1.084	1786662923	2026-08-14 07:15
/data/guorui/checkpoint-trash	qwen3-4b-residual-static-gate-pool-domino-shared-q-all36-b16-l5-5node-0509101112-bs2-epoch4-ar-eval-20260814	epoch_2_step_35000-20260814-071523	/data/guorui/checkpoint-trash/qwen3-4b-residual-static-gate-pool-domino-shared-q-all36-b16-l5-5node-0509101112-bs2-epoch4-ar-eval-20260814/epoch_2_step_35000-20260814-071523/model.safetensors	1163499018	1.084	1786660358	2026-08-14 06:32
/data/guorui/checkpoint-trash	qwen3-4b-residual-static-gate-pool-domino-shared-q-all36-b16-l5-5node-0509101112-bs2-epoch4-ar-eval-20260814	epoch_1_step_30000-20260814-063238	/data/guorui/checkpoint-trash/qwen3-4b-residual-static-gate-pool-domino-shared-q-all36-b16-l5-5node-0509101112-bs2-epoch4-ar-eval-20260814/epoch_1_step_30000-20260814-063238/model.safetensors	1163499018	1.084	1786657800	2026-08-14 05:50
/data/guorui/checkpoint-trash	qwen3-4b-residual-static-gate-pool-domino-shared-q-all36-b16-l5-5node-0509101112-bs2-epoch4-ar-eval-20260814	epoch_1_step_25000-20260814-055001	/data/guorui/checkpoint-trash/qwen3-4b-residual-static-gate-pool-domino-shared-q-all36-b16-l5-5node-0509101112-bs2-epoch4-ar-eval-20260814/epoch_1_step_25000-20260814-055001/model.safetensors	1163499018	1.084	1786655245	2026-08-14 05:07
/data/guorui/checkpoint-trash	qwen3-4b-residual-static-gate-pool-domino-shared-q-all36-b16-l5-5node-0509101112-bs2-epoch4-ar-eval-20260814	epoch_1_step_20000-20260814-050726	/data/guorui/checkpoint-trash/qwen3-4b-residual-static-gate-pool-domino-shared-q-all36-b16-l5-5node-0509101112-bs2-epoch4-ar-eval-20260814/epoch_1_step_20000-20260814-050726/model.safetensors	1163499018	1.084	1786652690	2026-08-14 04:24
/data/guorui/checkpoint-trash	qwen3-4b-residual-static-gate-pool-domino-shared-q-all36-b16-l5-5node-0509101112-bs2-epoch4-ar-eval-20260814	epoch_0_step_15000-20260814-042450	/data/guorui/checkpoint-trash/qwen3-4b-residual-static-gate-pool-domino-shared-q-all36-b16-l5-5node-0509101112-bs2-epoch4-ar-eval-20260814/epoch_0_step_15000-20260814-042450/model.safetensors	1163499018	1.084	1786650118	2026-08-14 03:41
/data/guorui/checkpoint-trash	qwen3-4b-residual-static-gate-pool-domino-shared-q-all36-b16-l5-5node-0509101112-bs2-epoch4-ar-eval-20260814	epoch_0_step_10000-20260814-034158	/data/guorui/checkpoint-trash/qwen3-4b-residual-static-gate-pool-domino-shared-q-all36-b16-l5-5node-0509101112-bs2-epoch4-ar-eval-20260814/epoch_0_step_10000-20260814-034158/model.safetensors	1163499018	1.084	1786647569	2026-08-14 02:59
/data/guorui/checkpoint-trash	qwen3-4b-residual-static-gate-pool-domino-shared-q-all36-b16-l5-5node-0509101112-bs2-epoch4-ar-eval-20260814	epoch_0_step_5000-20260814-025929	/data/guorui/checkpoint-trash/qwen3-4b-residual-static-gate-pool-domino-shared-q-all36-b16-l5-5node-0509101112-bs2-epoch4-ar-eval-20260814/epoch_0_step_5000-20260814-025929/model.safetensors	1163499018	1.084	1786645034	2026-08-14 02:17
/data/guorui/checkpoint-trash	qwen3-4b-residual-static-gate-pool-domino-beta0-all36-b16-l5-2node-0512-bs2-epoch4-ar-eval-20260813	epoch_0_step_5000-20260813-233116	/data/guorui/checkpoint-trash/qwen3-4b-residual-static-gate-pool-domino-beta0-all36-b16-l5-2node-0512-bs2-epoch4-ar-eval-20260813/epoch_0_step_5000-20260813-233116/model.safetensors	1268357162	1.181	1786632625	2026-08-13 22:50
outputs	qwen3-4b-static-gate-delta-embedding-pool-domino-all36-b16-l5-2node-1011-bs2-epoch4-ar-eval-20260813	epoch_1_step_40000	/share/guorui/投机解码训练/SpecForge/outputs/qwen3-4b-static-gate-delta-embedding-pool-domino-all36-b16-l5-2node-1011-bs2-epoch4-ar-eval-20260813/epoch_1_step_40000/model.safetensors	1163498928	1.084	1786612883	2026-08-13 17:21
outputs	qwen3-4b-static-gate-delta-mask-pool-domino-all36-b16-l5-4node-09101112-bs2-epoch4-ar-eval-20260812	epoch_4_step_79004	/share/guorui/投机解码训练/SpecForge/outputs/qwen3-4b-static-gate-delta-mask-pool-domino-all36-b16-l5-4node-09101112-bs2-epoch4-ar-eval-20260812/epoch_4_step_79004/model.safetensors	1163498928	1.084	1786576588	2026-08-13 07:16
outputs	qwen3-4b-headwise-signed-diff-kv-domino-all36-b16-l5-5node-0508091011-bs2-epoch4-ar-eval-20260811	epoch_2_step_40000	/share/guorui/投机解码训练/SpecForge/outputs/qwen3-4b-headwise-signed-diff-kv-domino-all36-b16-l5-5node-0508091011-bs2-epoch4-ar-eval-20260811/epoch_2_step_40000/model.safetensors	1218309600	1.135	1786495245	2026-08-12 08:40
/data/guorui/checkpoint-trash	qwen3-4b-headwise-signed-diff-kv-domino-all36-b16-l5-5node-0508091011-bs2-epoch4-ar-eval-20260811	epoch_2_step_35000-20260812-084045	/data/guorui/checkpoint-trash/qwen3-4b-headwise-signed-diff-kv-domino-all36-b16-l5-5node-0508091011-bs2-epoch4-ar-eval-20260811/epoch_2_step_35000-20260812-084045/model.safetensors	1218309600	1.135	1786492414	2026-08-12 07:53
/data/guorui/checkpoint-trash	qwen3-4b-headwise-signed-diff-kv-domino-all36-b16-l5-5node-0508091011-bs2-epoch4-ar-eval-20260811	epoch_1_step_30000-20260812-075334	/data/guorui/checkpoint-trash/qwen3-4b-headwise-signed-diff-kv-domino-all36-b16-l5-5node-0508091011-bs2-epoch4-ar-eval-20260811/epoch_1_step_30000-20260812-075334/model.safetensors	1218309600	1.135	1786489584	2026-08-12 07:06
/data/guorui/checkpoint-trash	qwen3-4b-headwise-signed-diff-kv-domino-all36-b16-l5-5node-0508091011-bs2-epoch4-ar-eval-20260811	epoch_1_step_25000-20260812-070624	/data/guorui/checkpoint-trash/qwen3-4b-headwise-signed-diff-kv-domino-all36-b16-l5-5node-0508091011-bs2-epoch4-ar-eval-20260811/epoch_1_step_25000-20260812-070624/model.safetensors	1218309600	1.135	1786486759	2026-08-12 06:19
outputs	qwen3-4b-sft-gru-domino-custom-b16-2node-1516-bs2acc1-epoch2-lr2e-4-ar-eval-20260811	epoch_2_step_79004	/share/guorui/投机解码训练/SpecForge/outputs/qwen3-4b-sft-gru-domino-custom-b16-2node-1516-bs2acc1-epoch2-lr2e-4-ar-eval-20260811/epoch_2_step_79004/model.safetensors	1176507304	1.096	1786485799	2026-08-12 06:03
/data/guorui/checkpoint-trash	qwen3-4b-headwise-signed-diff-kv-domino-all36-b16-l5-5node-0508091011-bs2-epoch4-ar-eval-20260811	epoch_1_step_20000-20260812-061919	/data/guorui/checkpoint-trash/qwen3-4b-headwise-signed-diff-kv-domino-all36-b16-l5-5node-0508091011-bs2-epoch4-ar-eval-20260811/epoch_1_step_20000-20260812-061919/model.safetensors	1218309600	1.135	1786483922	2026-08-12 05:32
/data/guorui/checkpoint-trash	qwen3-4b-headwise-signed-diff-kv-domino-all36-b16-l5-5node-0508091011-bs2-epoch4-ar-eval-20260811	epoch_0_step_15000-20260812-053202	/data/guorui/checkpoint-trash/qwen3-4b-headwise-signed-diff-kv-domino-all36-b16-l5-5node-0508091011-bs2-epoch4-ar-eval-20260811/epoch_0_step_15000-20260812-053202/model.safetensors	1218309600	1.135	1786481092	2026-08-12 04:44
/data/guorui/checkpoint-trash	qwen3-4b-headwise-signed-diff-kv-domino-all36-b16-l5-5node-0508091011-bs2-epoch4-ar-eval-20260811	epoch_0_step_10000-20260812-044452	/data/guorui/checkpoint-trash/qwen3-4b-headwise-signed-diff-kv-domino-all36-b16-l5-5node-0508091011-bs2-epoch4-ar-eval-20260811/epoch_0_step_10000-20260812-044452/model.safetensors	1218309600	1.135	1786478266	2026-08-12 03:57
/data/guorui/checkpoint-trash	qwen3-4b-headwise-signed-diff-kv-domino-all36-b16-l5-5node-0508091011-bs2-epoch4-ar-eval-20260811	epoch_0_step_5000-20260812-035746	/data/guorui/checkpoint-trash/qwen3-4b-headwise-signed-diff-kv-domino-all36-b16-l5-5node-0508091011-bs2-epoch4-ar-eval-20260811/epoch_0_step_5000-20260812-035746/model.safetensors	1218309600	1.135	1786475453	2026-08-12 03:10
outputs	qwen3-4b-static-non-pre-norm-residual-stream-beta-pool-domino-all36-b16-l5-2node-1011-bs2acc1-epoch4-ar-eval-20260811-rerun2	epoch_3_step_120000	/share/guorui/投机解码训练/SpecForge/outputs/qwen3-4b-static-non-pre-norm-residual-stream-beta-pool-domino-all36-b16-l5-2node-1011-bs2acc1-epoch4-ar-eval-20260811-rerun2/epoch_3_step_120000/model.safetensors	1163422588	1.084	1786471040	2026-08-12 01:57
outputs	qwen3-4b-static-non-pre-norm-residual-stream-difference-pool-domino-all36-b16-l5-6node-050809101112-bs2-epoch4-ar-eval-20260810	epoch_3_step_45000	/share/guorui/投机解码训练/SpecForge/outputs/qwen3-4b-static-non-pre-norm-residual-stream-difference-pool-domino-all36-b16-l5-6node-050809101112-bs2-epoch4-ar-eval-20260810/epoch_3_step_45000/model.safetensors	1163423318	1.084	1786410620	2026-08-11 09:10
/data/guorui/checkpoint-trash	qwen3-4b-static-non-pre-norm-residual-stream-difference-pool-domino-all36-b16-l5-6node-050809101112-bs2-epoch4-ar-eval-20260810	epoch_3_step_40000-20260811-091021	/data/guorui/checkpoint-trash/qwen3-4b-static-non-pre-norm-residual-stream-difference-pool-domino-all36-b16-l5-6node-050809101112-bs2-epoch4-ar-eval-20260810/epoch_3_step_40000-20260811-091021/model.safetensors	1163423318	1.084	1786407937	2026-08-11 08:25
/data/guorui/checkpoint-trash	qwen3-4b-static-non-pre-norm-residual-stream-difference-pool-domino-all36-b16-l5-6node-050809101112-bs2-epoch4-ar-eval-20260810	epoch_2_step_35000-20260811-082538	/data/guorui/checkpoint-trash/qwen3-4b-static-non-pre-norm-residual-stream-difference-pool-domino-all36-b16-l5-6node-050809101112-bs2-epoch4-ar-eval-20260810/epoch_2_step_35000-20260811-082538/model.safetensors	1163423318	1.084	1786405243	2026-08-11 07:40
/data/guorui/checkpoint-trash	qwen3-4b-static-non-pre-norm-residual-stream-difference-pool-domino-all36-b16-l5-6node-050809101112-bs2-epoch4-ar-eval-20260810	epoch_2_step_30000-20260811-074043	/data/guorui/checkpoint-trash/qwen3-4b-static-non-pre-norm-residual-stream-difference-pool-domino-all36-b16-l5-6node-050809101112-bs2-epoch4-ar-eval-20260810/epoch_2_step_30000-20260811-074043/model.safetensors	1163423318	1.084	1786402561	2026-08-11 06:56
/data/guorui/checkpoint-trash	qwen3-4b-static-non-pre-norm-residual-stream-difference-pool-domino-all36-b16-l5-6node-050809101112-bs2-epoch4-ar-eval-20260810	epoch_1_step_25000-20260811-065601	/data/guorui/checkpoint-trash/qwen3-4b-static-non-pre-norm-residual-stream-difference-pool-domino-all36-b16-l5-6node-050809101112-bs2-epoch4-ar-eval-20260810/epoch_1_step_25000-20260811-065601/model.safetensors	1163423318	1.084	1786399869	2026-08-11 06:11
/data/guorui/checkpoint-trash	qwen3-4b-static-non-pre-norm-residual-stream-difference-pool-domino-all36-b16-l5-6node-050809101112-bs2-epoch4-ar-eval-20260810	epoch_1_step_20000-20260811-061110	/data/guorui/checkpoint-trash/qwen3-4b-static-non-pre-norm-residual-stream-difference-pool-domino-all36-b16-l5-6node-050809101112-bs2-epoch4-ar-eval-20260810/epoch_1_step_20000-20260811-061110/model.safetensors	1163423318	1.084	1786397185	2026-08-11 05:26
/data/guorui/checkpoint-trash	qwen3-4b-static-non-pre-norm-residual-stream-difference-pool-domino-all36-b16-l5-6node-050809101112-bs2-epoch4-ar-eval-20260810	epoch_1_step_15000-20260811-052625	/data/guorui/checkpoint-trash/qwen3-4b-static-non-pre-norm-residual-stream-difference-pool-domino-all36-b16-l5-6node-050809101112-bs2-epoch4-ar-eval-20260810/epoch_1_step_15000-20260811-052625/model.safetensors	1163423318	1.084	1786394499	2026-08-11 04:41
/data/guorui/checkpoint-trash	qwen3-4b-static-non-pre-norm-residual-stream-difference-pool-domino-all36-b16-l5-6node-050809101112-bs2-epoch4-ar-eval-20260810	epoch_0_step_10000-20260811-044139	/data/guorui/checkpoint-trash/qwen3-4b-static-non-pre-norm-residual-stream-difference-pool-domino-all36-b16-l5-6node-050809101112-bs2-epoch4-ar-eval-20260810/epoch_0_step_10000-20260811-044139/model.safetensors	1163423318	1.084	1786391805	2026-08-11 03:56
/data/guorui/checkpoint-trash	qwen3-4b-static-non-pre-norm-residual-stream-difference-pool-domino-all36-b16-l5-6node-050809101112-bs2-epoch4-ar-eval-20260810	epoch_0_step_5000-20260811-035646	/data/guorui/checkpoint-trash/qwen3-4b-static-non-pre-norm-residual-stream-difference-pool-domino-all36-b16-l5-6node-050809101112-bs2-epoch4-ar-eval-20260810/epoch_0_step_5000-20260811-035646/model.safetensors	1163423318	1.084	1786389133	2026-08-11 03:12
outputs	qwen3-4b-static-non-pre-norm-one-gate-no-embedding-difference-pool-domino-all36-b16-l5-2node-1011-bs2acc1-epoch4-ar-eval-20260810	epoch_3_step_150000	/share/guorui/投机解码训练/SpecForge/outputs/qwen3-4b-static-non-pre-norm-one-gate-no-embedding-difference-pool-domino-all36-b16-l5-2node-1011-bs2acc1-epoch4-ar-eval-20260810/epoch_3_step_150000/model.safetensors	1163422040	1.084	1786384051	2026-08-11 01:47
outputs	qwen3-4b-static-non-pre-norm-one-gate-difference-pool-domino-all36-b16-l5-2node-1011-bs2acc1-epoch4-ar-eval-20260806	epoch_5_step_200000	/share/guorui/投机解码训练/SpecForge/outputs/qwen3-4b-static-non-pre-norm-one-gate-difference-pool-domino-all36-b16-l5-2node-1011-bs2acc1-epoch4-ar-eval-20260806/epoch_5_step_200000/model.safetensors	1163422050	1.084	1786350326	2026-08-10 16:25
outputs	qwen3-4b-static-non-pre-norm-one-gate-difference-pool-domino-all36-b16-l5-2node-1011-bs2acc1-epoch4-ar-eval-20260810	epoch_0_step_5000	/share/guorui/投机解码训练/SpecForge/outputs/qwen3-4b-static-non-pre-norm-one-gate-difference-pool-domino-all36-b16-l5-2node-1011-bs2acc1-epoch4-ar-eval-20260810/epoch_0_step_5000/model.safetensors	1163422050	1.084	1786329518	2026-08-10 10:38
outputs	qwen3-4b-static-non-pre-norm-one-gate-no-embedding-difference-pool-domino-all36-b16-l5-6node-131415161718-bs1-epoch6-ar-eval-20260809	epoch_4_step_120000	/share/guorui/投机解码训练/SpecForge/outputs/qwen3-4b-static-non-pre-norm-one-gate-no-embedding-difference-pool-domino-all36-b16-l5-6node-131415161718-bs1-epoch6-ar-eval-20260809/epoch_4_step_120000/model.safetensors	1163422040	1.084	1786323632	2026-08-10 09:00
outputs	qwen3-4b-static-non-pre-norm-difference-pool-domino-all36-b16-l5-6node-050809101112-bs1-epoch6-ar-eval-20260809	epoch_4_step_120000	/share/guorui/投机解码训练/SpecForge/outputs/qwen3-4b-static-non-pre-norm-difference-pool-domino-all36-b16-l5-6node-050809101112-bs1-epoch6-ar-eval-20260809/epoch_4_step_120000/model.safetensors	1163422598	1.084	1786323431	2026-08-10 08:57
/data/guorui/checkpoint-trash	qwen3-4b-static-non-pre-norm-difference-pool-domino-all36-b16-l5-6node-050809101112-bs1-epoch6-ar-eval-20260809	epoch_4_step_115000-20260810-085711	/data/guorui/checkpoint-trash/qwen3-4b-static-non-pre-norm-difference-pool-domino-all36-b16-l5-6node-050809101112-bs1-epoch6-ar-eval-20260809/epoch_4_step_115000-20260810-085711/model.safetensors	1163422598	1.084	1786322150	2026-08-10 08:35
/data/guorui/checkpoint-trash	qwen3-4b-static-non-pre-norm-difference-pool-domino-all36-b16-l5-6node-050809101112-bs1-epoch6-ar-eval-20260809	epoch_4_step_110000-20260810-083550	/data/guorui/checkpoint-trash/qwen3-4b-static-non-pre-norm-difference-pool-domino-all36-b16-l5-6node-050809101112-bs1-epoch6-ar-eval-20260809/epoch_4_step_110000-20260810-083550/model.safetensors	1163422598	1.084	1786320862	2026-08-10 08:14
/data/guorui/checkpoint-trash	qwen3-4b-static-non-pre-norm-difference-pool-domino-all36-b16-l5-6node-050809101112-bs1-epoch6-ar-eval-20260809	epoch_3_step_105000-20260810-081422	/data/guorui/checkpoint-trash/qwen3-4b-static-non-pre-norm-difference-pool-domino-all36-b16-l5-6node-050809101112-bs1-epoch6-ar-eval-20260809/epoch_3_step_105000-20260810-081422/model.safetensors	1163422598	1.084	1786319584	2026-08-10 07:53
/data/guorui/checkpoint-trash	qwen3-4b-static-non-pre-norm-difference-pool-domino-all36-b16-l5-6node-050809101112-bs1-epoch6-ar-eval-20260809	epoch_3_step_100000-20260810-075305	/data/guorui/checkpoint-trash/qwen3-4b-static-non-pre-norm-difference-pool-domino-all36-b16-l5-6node-050809101112-bs1-epoch6-ar-eval-20260809/epoch_3_step_100000-20260810-075305/model.safetensors	1163422598	1.084	1786318306	2026-08-10 07:31
/data/guorui/checkpoint-trash	qwen3-4b-static-non-pre-norm-difference-pool-domino-all36-b16-l5-6node-050809101112-bs1-epoch6-ar-eval-20260809	epoch_3_step_95000-20260810-073146	/data/guorui/checkpoint-trash/qwen3-4b-static-non-pre-norm-difference-pool-domino-all36-b16-l5-6node-050809101112-bs1-epoch6-ar-eval-20260809/epoch_3_step_95000-20260810-073146/model.safetensors	1163422598	1.084	1786317021	2026-08-10 07:10
/data/guorui/checkpoint-trash	qwen3-4b-static-non-pre-norm-difference-pool-domino-all36-b16-l5-6node-050809101112-bs1-epoch6-ar-eval-20260809	epoch_3_step_90000-20260810-071021	/data/guorui/checkpoint-trash/qwen3-4b-static-non-pre-norm-difference-pool-domino-all36-b16-l5-6node-050809101112-bs1-epoch6-ar-eval-20260809/epoch_3_step_90000-20260810-071021/model.safetensors	1163422598	1.084	1786315744	2026-08-10 06:49
/data/guorui/checkpoint-trash	qwen3-4b-static-non-pre-norm-difference-pool-domino-all36-b16-l5-6node-050809101112-bs1-epoch6-ar-eval-20260809	epoch_3_step_85000-20260810-064905	/data/guorui/checkpoint-trash/qwen3-4b-static-non-pre-norm-difference-pool-domino-all36-b16-l5-6node-050809101112-bs1-epoch6-ar-eval-20260809/epoch_3_step_85000-20260810-064905/model.safetensors	1163422598	1.084	1786314464	2026-08-10 06:27
/data/guorui/checkpoint-trash	qwen3-4b-static-non-pre-norm-difference-pool-domino-all36-b16-l5-6node-050809101112-bs1-epoch6-ar-eval-20260809	epoch_3_step_80000-20260810-062745	/data/guorui/checkpoint-trash/qwen3-4b-static-non-pre-norm-difference-pool-domino-all36-b16-l5-6node-050809101112-bs1-epoch6-ar-eval-20260809/epoch_3_step_80000-20260810-062745/model.safetensors	1163422598	1.084	1786313181	2026-08-10 06:06
/data/guorui/checkpoint-trash	qwen3-4b-static-non-pre-norm-difference-pool-domino-all36-b16-l5-6node-050809101112-bs1-epoch6-ar-eval-20260809	epoch_2_step_75000-20260810-060621	/data/guorui/checkpoint-trash/qwen3-4b-static-non-pre-norm-difference-pool-domino-all36-b16-l5-6node-050809101112-bs1-epoch6-ar-eval-20260809/epoch_2_step_75000-20260810-060621/model.safetensors	1163422598	1.084	1786311907	2026-08-10 05:45
/data/guorui/checkpoint-trash	qwen3-4b-static-non-pre-norm-difference-pool-domino-all36-b16-l5-6node-050809101112-bs1-epoch6-ar-eval-20260809	epoch_2_step_70000-20260810-054507	/data/guorui/checkpoint-trash/qwen3-4b-static-non-pre-norm-difference-pool-domino-all36-b16-l5-6node-050809101112-bs1-epoch6-ar-eval-20260809/epoch_2_step_70000-20260810-054507/model.safetensors	1163422598	1.084	1786310620	2026-08-10 05:23
/data/guorui/checkpoint-trash	qwen3-4b-static-non-pre-norm-difference-pool-domino-all36-b16-l5-6node-050809101112-bs1-epoch6-ar-eval-20260809	epoch_2_step_65000-20260810-052340	/data/guorui/checkpoint-trash/qwen3-4b-static-non-pre-norm-difference-pool-domino-all36-b16-l5-6node-050809101112-bs1-epoch6-ar-eval-20260809/epoch_2_step_65000-20260810-052340/model.safetensors	1163422598	1.084	1786309342	2026-08-10 05:02
/data/guorui/checkpoint-trash	qwen3-4b-static-non-pre-norm-difference-pool-domino-all36-b16-l5-6node-050809101112-bs1-epoch6-ar-eval-20260809	epoch_2_step_60000-20260810-050222	/data/guorui/checkpoint-trash/qwen3-4b-static-non-pre-norm-difference-pool-domino-all36-b16-l5-6node-050809101112-bs1-epoch6-ar-eval-20260809/epoch_2_step_60000-20260810-050222/model.safetensors	1163422598	1.084	1786308068	2026-08-10 04:41
/data/guorui/checkpoint-trash	qwen3-4b-static-non-pre-norm-difference-pool-domino-all36-b16-l5-6node-050809101112-bs1-epoch6-ar-eval-20260809	epoch_2_step_55000-20260810-044109	/data/guorui/checkpoint-trash/qwen3-4b-static-non-pre-norm-difference-pool-domino-all36-b16-l5-6node-050809101112-bs1-epoch6-ar-eval-20260809/epoch_2_step_55000-20260810-044109/model.safetensors	1163422598	1.084	1786306784	2026-08-10 04:19
/data/guorui/checkpoint-trash	qwen3-4b-static-non-pre-norm-difference-pool-domino-all36-b16-l5-6node-050809101112-bs1-epoch6-ar-eval-20260809	epoch_1_step_50000-20260810-041944	/data/guorui/checkpoint-trash/qwen3-4b-static-non-pre-norm-difference-pool-domino-all36-b16-l5-6node-050809101112-bs1-epoch6-ar-eval-20260809/epoch_1_step_50000-20260810-041944/model.safetensors	1163422598	1.084	1786305508	2026-08-10 03:58
/data/guorui/checkpoint-trash	qwen3-4b-static-non-pre-norm-difference-pool-domino-all36-b16-l5-6node-050809101112-bs1-epoch6-ar-eval-20260809	epoch_1_step_45000-20260810-035829	/data/guorui/checkpoint-trash/qwen3-4b-static-non-pre-norm-difference-pool-domino-all36-b16-l5-6node-050809101112-bs1-epoch6-ar-eval-20260809/epoch_1_step_45000-20260810-035829/model.safetensors	1163422598	1.084	1786304236	2026-08-10 03:37
/data/guorui/checkpoint-trash	qwen3-4b-static-non-pre-norm-difference-pool-domino-all36-b16-l5-6node-050809101112-bs1-epoch6-ar-eval-20260809	epoch_1_step_40000-20260810-033717	/data/guorui/checkpoint-trash/qwen3-4b-static-non-pre-norm-difference-pool-domino-all36-b16-l5-6node-050809101112-bs1-epoch6-ar-eval-20260809/epoch_1_step_40000-20260810-033717/model.safetensors	1163422598	1.084	1786302952	2026-08-10 03:15
/data/guorui/checkpoint-trash	qwen3-4b-static-non-pre-norm-difference-pool-domino-all36-b16-l5-6node-050809101112-bs1-epoch6-ar-eval-20260809	epoch_1_step_35000-20260810-031552	/data/guorui/checkpoint-trash/qwen3-4b-static-non-pre-norm-difference-pool-domino-all36-b16-l5-6node-050809101112-bs1-epoch6-ar-eval-20260809/epoch_1_step_35000-20260810-031552/model.safetensors	1163422598	1.084	1786301677	2026-08-10 02:54
/data/guorui/checkpoint-trash	qwen3-4b-static-non-pre-norm-difference-pool-domino-all36-b16-l5-6node-050809101112-bs1-epoch6-ar-eval-20260809	epoch_1_step_30000-20260810-025437	/data/guorui/checkpoint-trash/qwen3-4b-static-non-pre-norm-difference-pool-domino-all36-b16-l5-6node-050809101112-bs1-epoch6-ar-eval-20260809/epoch_1_step_30000-20260810-025437/model.safetensors	1163422598	1.084	1786300404	2026-08-10 02:33
/data/guorui/checkpoint-trash	qwen3-4b-static-non-pre-norm-difference-pool-domino-all36-b16-l5-6node-050809101112-bs1-epoch6-ar-eval-20260809	epoch_0_step_25000-20260810-023324	/data/guorui/checkpoint-trash/qwen3-4b-static-non-pre-norm-difference-pool-domino-all36-b16-l5-6node-050809101112-bs1-epoch6-ar-eval-20260809/epoch_0_step_25000-20260810-023324/model.safetensors	1163422598	1.084	1786299118	2026-08-10 02:11
/data/guorui/checkpoint-trash	qwen3-4b-static-non-pre-norm-difference-pool-domino-all36-b16-l5-6node-050809101112-bs1-epoch6-ar-eval-20260809	epoch_0_step_20000-20260810-021158	/data/guorui/checkpoint-trash/qwen3-4b-static-non-pre-norm-difference-pool-domino-all36-b16-l5-6node-050809101112-bs1-epoch6-ar-eval-20260809/epoch_0_step_20000-20260810-021158/model.safetensors	1163422598	1.084	1786297846	2026-08-10 01:50
/data/guorui/checkpoint-trash	qwen3-4b-static-non-pre-norm-difference-pool-domino-all36-b16-l5-6node-050809101112-bs1-epoch6-ar-eval-20260809	epoch_0_step_15000-20260810-015046	/data/guorui/checkpoint-trash/qwen3-4b-static-non-pre-norm-difference-pool-domino-all36-b16-l5-6node-050809101112-bs1-epoch6-ar-eval-20260809/epoch_0_step_15000-20260810-015046/model.safetensors	1163422598	1.084	1786296569	2026-08-10 01:29
/data/guorui/checkpoint-trash	qwen3-4b-static-non-pre-norm-difference-pool-domino-all36-b16-l5-6node-050809101112-bs1-epoch6-ar-eval-20260809	epoch_0_step_10000-20260810-012929	/data/guorui/checkpoint-trash/qwen3-4b-static-non-pre-norm-difference-pool-domino-all36-b16-l5-6node-050809101112-bs1-epoch6-ar-eval-20260809/epoch_0_step_10000-20260810-012929/model.safetensors	1163422598	1.084	1786295287	2026-08-10 01:08
/data/guorui/checkpoint-trash	qwen3-4b-static-non-pre-norm-difference-pool-domino-all36-b16-l5-6node-050809101112-bs1-epoch6-ar-eval-20260809	epoch_0_step_5000-20260810-010807	/data/guorui/checkpoint-trash/qwen3-4b-static-non-pre-norm-difference-pool-domino-all36-b16-l5-6node-050809101112-bs1-epoch6-ar-eval-20260809/epoch_0_step_5000-20260810-010807/model.safetensors	1163422598	1.084	1786294026	2026-08-10 00:47
outputs	qwen3-4b-static-non-pre-norm-difference-pool-domino-all36-b16-l3-6node-050809101112-bs1-epoch4-ar-eval-20260809	epoch_3_step_100000	/share/guorui/投机解码训练/SpecForge/outputs/qwen3-4b-static-non-pre-norm-difference-pool-domino-all36-b16-l3-6node-050809101112-bs1-epoch4-ar-eval-20260809/epoch_3_step_100000/model.safetensors	738714458	0.688	1786291554	2026-08-10 00:05
/data/guorui/checkpoint-trash	qwen3-4b-static-non-pre-norm-difference-pool-domino-all36-b16-l3-6node-050809101112-bs1-epoch4-ar-eval-20260809	epoch_3_step_95000-20260810-000554	/data/guorui/checkpoint-trash/qwen3-4b-static-non-pre-norm-difference-pool-domino-all36-b16-l3-6node-050809101112-bs1-epoch4-ar-eval-20260809/epoch_3_step_95000-20260810-000554/model.safetensors	738714458	0.688	1786290469	2026-08-09 23:47
/data/guorui/checkpoint-trash	qwen3-4b-static-non-pre-norm-difference-pool-domino-all36-b16-l3-6node-050809101112-bs1-epoch4-ar-eval-20260809	epoch_3_step_90000-20260809-234749	/data/guorui/checkpoint-trash/qwen3-4b-static-non-pre-norm-difference-pool-domino-all36-b16-l3-6node-050809101112-bs1-epoch4-ar-eval-20260809/epoch_3_step_90000-20260809-234749/model.safetensors	738714458	0.688	1786289381	2026-08-09 23:29
/data/guorui/checkpoint-trash	qwen3-4b-static-non-pre-norm-difference-pool-domino-all36-b16-l3-6node-050809101112-bs1-epoch4-ar-eval-20260809	epoch_3_step_85000-20260809-232941	/data/guorui/checkpoint-trash/qwen3-4b-static-non-pre-norm-difference-pool-domino-all36-b16-l3-6node-050809101112-bs1-epoch4-ar-eval-20260809/epoch_3_step_85000-20260809-232941/model.safetensors	738714458	0.688	1786288302	2026-08-09 23:11
/data/guorui/checkpoint-trash	qwen3-4b-static-non-pre-norm-difference-pool-domino-all36-b16-l3-6node-050809101112-bs1-epoch4-ar-eval-20260809	epoch_3_step_80000-20260809-231142	/data/guorui/checkpoint-trash/qwen3-4b-static-non-pre-norm-difference-pool-domino-all36-b16-l3-6node-050809101112-bs1-epoch4-ar-eval-20260809/epoch_3_step_80000-20260809-231142/model.safetensors	738714458	0.688	1786287219	2026-08-09 22:53
/data/guorui/checkpoint-trash	qwen3-4b-static-non-pre-norm-difference-pool-domino-all36-b16-l3-6node-050809101112-bs1-epoch4-ar-eval-20260809	epoch_2_step_75000-20260809-225340	/data/guorui/checkpoint-trash/qwen3-4b-static-non-pre-norm-difference-pool-domino-all36-b16-l3-6node-050809101112-bs1-epoch4-ar-eval-20260809/epoch_2_step_75000-20260809-225340/model.safetensors	738714458	0.688	1786286132	2026-08-09 22:35
/data/guorui/checkpoint-trash	qwen3-4b-static-non-pre-norm-difference-pool-domino-all36-b16-l3-6node-050809101112-bs1-epoch4-ar-eval-20260809	epoch_2_step_70000-20260809-223532	/data/guorui/checkpoint-trash/qwen3-4b-static-non-pre-norm-difference-pool-domino-all36-b16-l3-6node-050809101112-bs1-epoch4-ar-eval-20260809/epoch_2_step_70000-20260809-223532/model.safetensors	738714458	0.688	1786285052	2026-08-09 22:17
/data/guorui/checkpoint-trash	qwen3-4b-static-non-pre-norm-difference-pool-domino-all36-b16-l3-6node-050809101112-bs1-epoch4-ar-eval-20260809	epoch_2_step_65000-20260809-221732	/data/guorui/checkpoint-trash/qwen3-4b-static-non-pre-norm-difference-pool-domino-all36-b16-l3-6node-050809101112-bs1-epoch4-ar-eval-20260809/epoch_2_step_65000-20260809-221732/model.safetensors	738714458	0.688	1786283970	2026-08-09 21:59
/data/guorui/checkpoint-trash	qwen3-4b-static-non-pre-norm-difference-pool-domino-all36-b16-l3-6node-050809101112-bs1-epoch4-ar-eval-20260809	epoch_2_step_60000-20260809-215930	/data/guorui/checkpoint-trash/qwen3-4b-static-non-pre-norm-difference-pool-domino-all36-b16-l3-6node-050809101112-bs1-epoch4-ar-eval-20260809/epoch_2_step_60000-20260809-215930/model.safetensors	738714458	0.688	1786282882	2026-08-09 21:41
/data/guorui/checkpoint-trash	qwen3-4b-static-non-pre-norm-difference-pool-domino-all36-b16-l3-6node-050809101112-bs1-epoch4-ar-eval-20260809	epoch_2_step_55000-20260809-214122	/data/guorui/checkpoint-trash/qwen3-4b-static-non-pre-norm-difference-pool-domino-all36-b16-l3-6node-050809101112-bs1-epoch4-ar-eval-20260809/epoch_2_step_55000-20260809-214122/model.safetensors	738714458	0.688	1786281806	2026-08-09 21:23
/data/guorui/checkpoint-trash	qwen3-4b-static-non-pre-norm-difference-pool-domino-all36-b16-l3-6node-050809101112-bs1-epoch4-ar-eval-20260809	epoch_1_step_50000-20260809-212327	/data/guorui/checkpoint-trash/qwen3-4b-static-non-pre-norm-difference-pool-domino-all36-b16-l3-6node-050809101112-bs1-epoch4-ar-eval-20260809/epoch_1_step_50000-20260809-212327/model.safetensors	738714458	0.688	1786280730	2026-08-09 21:05
/data/guorui/checkpoint-trash	qwen3-4b-static-non-pre-norm-difference-pool-domino-all36-b16-l3-6node-050809101112-bs1-epoch4-ar-eval-20260809	epoch_1_step_45000-20260809-210530	/data/guorui/checkpoint-trash/qwen3-4b-static-non-pre-norm-difference-pool-domino-all36-b16-l3-6node-050809101112-bs1-epoch4-ar-eval-20260809/epoch_1_step_45000-20260809-210530/model.safetensors	738714458	0.688	1786279642	2026-08-09 20:47
/data/guorui/checkpoint-trash	qwen3-4b-static-non-pre-norm-difference-pool-domino-all36-b16-l3-6node-050809101112-bs1-epoch4-ar-eval-20260809	epoch_1_step_40000-20260809-204722	/data/guorui/checkpoint-trash/qwen3-4b-static-non-pre-norm-difference-pool-domino-all36-b16-l3-6node-050809101112-bs1-epoch4-ar-eval-20260809/epoch_1_step_40000-20260809-204722/model.safetensors	738714458	0.688	1786278567	2026-08-09 20:29
/data/guorui/checkpoint-trash	qwen3-4b-static-non-pre-norm-difference-pool-domino-all36-b16-l3-6node-050809101112-bs1-epoch4-ar-eval-20260809	epoch_1_step_35000-20260809-202927	/data/guorui/checkpoint-trash/qwen3-4b-static-non-pre-norm-difference-pool-domino-all36-b16-l3-6node-050809101112-bs1-epoch4-ar-eval-20260809/epoch_1_step_35000-20260809-202927/model.safetensors	738714458	0.688	1786277489	2026-08-09 20:11
/data/guorui/checkpoint-trash	qwen3-4b-static-non-pre-norm-difference-pool-domino-all36-b16-l3-6node-050809101112-bs1-epoch4-ar-eval-20260809	epoch_1_step_30000-20260809-201129	/data/guorui/checkpoint-trash/qwen3-4b-static-non-pre-norm-difference-pool-domino-all36-b16-l3-6node-050809101112-bs1-epoch4-ar-eval-20260809/epoch_1_step_30000-20260809-201129/model.safetensors	738714458	0.688	1786276402	2026-08-09 19:53
/data/guorui/checkpoint-trash	qwen3-4b-static-non-pre-norm-difference-pool-domino-all36-b16-l3-6node-050809101112-bs1-epoch4-ar-eval-20260809	epoch_0_step_25000-20260809-195322	/data/guorui/checkpoint-trash/qwen3-4b-static-non-pre-norm-difference-pool-domino-all36-b16-l3-6node-050809101112-bs1-epoch4-ar-eval-20260809/epoch_0_step_25000-20260809-195322/model.safetensors	738714458	0.688	1786275328	2026-08-09 19:35
/data/guorui/checkpoint-trash	qwen3-4b-static-non-pre-norm-difference-pool-domino-all36-b16-l3-6node-050809101112-bs1-epoch4-ar-eval-20260809	epoch_0_step_20000-20260809-193528	/data/guorui/checkpoint-trash/qwen3-4b-static-non-pre-norm-difference-pool-domino-all36-b16-l3-6node-050809101112-bs1-epoch4-ar-eval-20260809/epoch_0_step_20000-20260809-193528/model.safetensors	738714458	0.688	1786274253	2026-08-09 19:17
/data/guorui/checkpoint-trash	qwen3-4b-static-non-pre-norm-difference-pool-domino-all36-b16-l3-6node-050809101112-bs1-epoch4-ar-eval-20260809	epoch_0_step_15000-20260809-191733	/data/guorui/checkpoint-trash/qwen3-4b-static-non-pre-norm-difference-pool-domino-all36-b16-l3-6node-050809101112-bs1-epoch4-ar-eval-20260809/epoch_0_step_15000-20260809-191733/model.safetensors	738714458	0.688	1786273169	2026-08-09 18:59
/data/guorui/checkpoint-trash	qwen3-4b-static-non-pre-norm-difference-pool-domino-all36-b16-l3-6node-050809101112-bs1-epoch4-ar-eval-20260809	epoch_0_step_10000-20260809-185929	/data/guorui/checkpoint-trash/qwen3-4b-static-non-pre-norm-difference-pool-domino-all36-b16-l3-6node-050809101112-bs1-epoch4-ar-eval-20260809/epoch_0_step_10000-20260809-185929/model.safetensors	738714458	0.688	1786272089	2026-08-09 18:41
/data/guorui/checkpoint-trash	qwen3-4b-static-non-pre-norm-difference-pool-domino-all36-b16-l3-6node-050809101112-bs1-epoch4-ar-eval-20260809	epoch_0_step_5000-20260809-184129	/data/guorui/checkpoint-trash/qwen3-4b-static-non-pre-norm-difference-pool-domino-all36-b16-l3-6node-050809101112-bs1-epoch4-ar-eval-20260809/epoch_0_step_5000-20260809-184129/model.safetensors	738714458	0.688	1786271021	2026-08-09 18:23
outputs	qwen3-4b-context-block-q-static-non-pre-norm-one-gate-difference-pool-domino-all36-b16-l5-6node-050809101112-bs1-epoch1-ar-eval-retry2-20260808	epoch_1_step_26335	/share/guorui/投机解码训练/SpecForge/outputs/qwen3-4b-context-block-q-static-non-pre-norm-one-gate-difference-pool-domino-all36-b16-l5-6node-050809101112-bs1-epoch1-ar-eval-retry2-20260808/epoch_1_step_26335/model.safetensors	1268280242	1.181	1786229878	2026-08-09 06:57
/data/guorui/checkpoint-trash	qwen3-4b-context-block-q-static-non-pre-norm-one-gate-difference-pool-domino-all36-b16-l5-6node-050809101112-bs1-epoch1-ar-eval-retry2-20260808	epoch_0_step_25000-20260809-065758	/data/guorui/checkpoint-trash/qwen3-4b-context-block-q-static-non-pre-norm-one-gate-difference-pool-domino-all36-b16-l5-6node-050809101112-bs1-epoch1-ar-eval-retry2-20260808/epoch_0_step_25000-20260809-065758/model.safetensors	1268280242	1.181	1786229420	2026-08-09 06:50
/data/guorui/checkpoint-trash	qwen3-4b-context-block-q-static-non-pre-norm-one-gate-difference-pool-domino-all36-b16-l5-6node-050809101112-bs1-epoch1-ar-eval-retry2-20260808	epoch_0_step_20000-20260809-065020	/data/guorui/checkpoint-trash/qwen3-4b-context-block-q-static-non-pre-norm-one-gate-difference-pool-domino-all36-b16-l5-6node-050809101112-bs1-epoch1-ar-eval-retry2-20260808/epoch_0_step_20000-20260809-065020/model.safetensors	1268280242	1.181	1786227728	2026-08-09 06:22
/data/guorui/checkpoint-trash	qwen3-4b-context-block-q-static-non-pre-norm-one-gate-difference-pool-domino-all36-b16-l5-6node-050809101112-bs1-epoch1-ar-eval-retry2-20260808	epoch_0_step_15000-20260809-062209	/data/guorui/checkpoint-trash/qwen3-4b-context-block-q-static-non-pre-norm-one-gate-difference-pool-domino-all36-b16-l5-6node-050809101112-bs1-epoch1-ar-eval-retry2-20260808/epoch_0_step_15000-20260809-062209/model.safetensors	1268280242	1.181	1786226035	2026-08-09 05:53
/data/guorui/checkpoint-trash	qwen3-4b-context-block-q-static-non-pre-norm-one-gate-difference-pool-domino-all36-b16-l5-6node-050809101112-bs1-epoch1-ar-eval-retry2-20260808	epoch_0_step_10000-20260809-055356	/data/guorui/checkpoint-trash/qwen3-4b-context-block-q-static-non-pre-norm-one-gate-difference-pool-domino-all36-b16-l5-6node-050809101112-bs1-epoch1-ar-eval-retry2-20260808/epoch_0_step_10000-20260809-055356/model.safetensors	1268280242	1.181	1786224355	2026-08-09 05:25
/data/guorui/checkpoint-trash	qwen3-4b-context-block-q-static-non-pre-norm-one-gate-difference-pool-domino-all36-b16-l5-6node-050809101112-bs1-epoch1-ar-eval-retry2-20260808	epoch_0_step_5000-20260809-052555	/data/guorui/checkpoint-trash/qwen3-4b-context-block-q-static-non-pre-norm-one-gate-difference-pool-domino-all36-b16-l5-6node-050809101112-bs1-epoch1-ar-eval-retry2-20260808/epoch_0_step_5000-20260809-052555/model.safetensors	1268280242	1.181	1786222680	2026-08-09 04:58
outputs	qwen3-4b-query-anchor-static-non-pre-norm-one-gate-difference-pool-domino-all36-b16-l5-6node-050809101112-bs1-epoch1-ar-eval-20260808	epoch_0_step_25000	/share/guorui/投机解码训练/SpecForge/outputs/qwen3-4b-query-anchor-static-non-pre-norm-one-gate-difference-pool-domino-all36-b16-l5-6node-050809101112-bs1-epoch1-ar-eval-20260808/epoch_0_step_25000/model.safetensors	1163422050	1.084	1786215698	2026-08-09 03:01
/data/guorui/checkpoint-trash	qwen3-4b-query-anchor-static-non-pre-norm-one-gate-difference-pool-domino-all36-b16-l5-6node-050809101112-bs1-epoch1-ar-eval-20260808	epoch_0_step_20000-20260809-030138	/data/guorui/checkpoint-trash/qwen3-4b-query-anchor-static-non-pre-norm-one-gate-difference-pool-domino-all36-b16-l5-6node-050809101112-bs1-epoch1-ar-eval-20260808/epoch_0_step_20000-20260809-030138/model.safetensors	1163422050	1.084	1786214500	2026-08-09 02:41
/data/guorui/checkpoint-trash	qwen3-4b-query-anchor-static-non-pre-norm-one-gate-difference-pool-domino-all36-b16-l5-6node-050809101112-bs1-epoch1-ar-eval-20260808	epoch_0_step_15000-20260809-024140	/data/guorui/checkpoint-trash/qwen3-4b-query-anchor-static-non-pre-norm-one-gate-difference-pool-domino-all36-b16-l5-6node-050809101112-bs1-epoch1-ar-eval-20260808/epoch_0_step_15000-20260809-024140/model.safetensors	1163422050	1.084	1786213295	2026-08-09 02:21
/data/guorui/checkpoint-trash	qwen3-4b-query-anchor-static-non-pre-norm-one-gate-difference-pool-domino-all36-b16-l5-6node-050809101112-bs1-epoch1-ar-eval-20260808	epoch_0_step_10000-20260809-022135	/data/guorui/checkpoint-trash/qwen3-4b-query-anchor-static-non-pre-norm-one-gate-difference-pool-domino-all36-b16-l5-6node-050809101112-bs1-epoch1-ar-eval-20260808/epoch_0_step_10000-20260809-022135/model.safetensors	1163422050	1.084	1786212089	2026-08-09 02:01
/data/guorui/checkpoint-trash	qwen3-4b-query-anchor-static-non-pre-norm-one-gate-difference-pool-domino-all36-b16-l5-6node-050809101112-bs1-epoch1-ar-eval-20260808	epoch_0_step_5000-20260809-020129	/data/guorui/checkpoint-trash/qwen3-4b-query-anchor-static-non-pre-norm-one-gate-difference-pool-domino-all36-b16-l5-6node-050809101112-bs1-epoch1-ar-eval-20260808/epoch_0_step_5000-20260809-020129/model.safetensors	1163422050	1.084	1786210900	2026-08-09 01:41
outputs	qwen3.6-27b-domino-sharegpt-full-b16-l5-2node-1011-tp8-triton-mem45-fullshard-localcache-retry8-bs1acc2-epoch3-20260807	epoch_0_step_12000	/share/guorui/投机解码训练/SpecForge/outputs/qwen3.6-27b-domino-sharegpt-full-b16-l5-2node-1011-tp8-triton-mem45-fullshard-localcache-retry8-bs1acc2-epoch3-20260807/epoch_0_step_12000/model.safetensors	3628467208	3.379	1786100465	2026-08-07 19:01
outputs	qwen3-4b-static-non-pre-norm-one-gate-no-embedding-difference-pool-domino-all36-b16-l5-2node-1516-bs2acc1-epoch4-ar-eval-20260806	epoch_2_step_80000	/share/guorui/投机解码训练/SpecForge/outputs/qwen3-4b-static-non-pre-norm-one-gate-no-embedding-difference-pool-domino-all36-b16-l5-2node-1516-bs2acc1-epoch4-ar-eval-20260806/epoch_2_step_80000/model.safetensors	1163422040	1.084	1786064631	2026-08-07 09:03
outputs	qwen3-4b-static-non-pre-norm-linear-gate-difference-pool-domino-all36-b16-l5-2node-1516-bs2acc1-epoch4-ar-eval-20260806	epoch_1_step_40000	/share/guorui/投机解码训练/SpecForge/outputs/qwen3-4b-static-non-pre-norm-linear-gate-difference-pool-domino-all36-b16-l5-2node-1516-bs2acc1-epoch4-ar-eval-20260806/epoch_1_step_40000/model.safetensors	1163422042	1.084	1786026709	2026-08-06 22:31
outputs	qwen3-4b-non-pre-norm-difference-linear-pure-pool-domino-all36-b16-l5-lambda01-2node-1011-bs2acc1-epoch4-ar-eval-20260806	epoch_0_step_15000	/share/guorui/投机解码训练/SpecForge/outputs/qwen3-4b-non-pre-norm-difference-linear-pure-pool-domino-all36-b16-l5-lambda01-2node-1011-bs2acc1-epoch4-ar-eval-20260806/epoch_0_step_15000/model.safetensors	1165317182	1.085	1786005967	2026-08-06 16:46
outputs	qwen3-4b-non-pre-norm-difference-linear-pure-pool-domino-all36-b16-l5-2node-1011-bs2acc1-epoch4-ar-eval-20260806	epoch_0_step_25000	/share/guorui/投机解码训练/SpecForge/outputs/qwen3-4b-non-pre-norm-difference-linear-pure-pool-domino-all36-b16-l5-2node-1011-bs2acc1-epoch4-ar-eval-20260806/epoch_0_step_25000/model.safetensors	1165317182	1.085	1785997142	2026-08-06 14:19
outputs	qwen3-4b-static-non-pre-norm-difference-pool-domino-all36-b16-l5-2node-1011-bs2acc1-epoch4-ar-eval-20260805	epoch_1_step_45000	/share/guorui/投机解码训练/SpecForge/outputs/qwen3-4b-static-non-pre-norm-difference-pool-domino-all36-b16-l5-2node-1011-bs2acc1-epoch4-ar-eval-20260805/epoch_1_step_45000/model.safetensors	1163422598	1.084	1785983056	2026-08-06 10:24
outputs	qwen3-4b-pure-pool-shared-embedding-kv-additive-layer0init-all36-b16-l5-step3p5-perfectblend-mix-2node-1011-bs2acc1-epoch4-ar-eval-20260804-rerun2	epoch_3_step_155000	/share/guorui/投机解码训练/SpecForge/outputs/qwen3-4b-pure-pool-shared-embedding-kv-additive-layer0init-all36-b16-l5-step3p5-perfectblend-mix-2node-1011-bs2acc1-epoch4-ar-eval-20260804-rerun2/epoch_3_step_155000/model.safetensors	1175178066	1.094	1785904561	2026-08-05 12:36
outputs	qwen3-4b-diff-pool-dc-domino-all36-b16-l5-fixed-2node-1516-bs2acc1-epoch4-ar-eval-20260804	epoch_1_step_65000	/share/guorui/投机解码训练/SpecForge/outputs/qwen3-4b-diff-pool-dc-domino-all36-b16-l5-fixed-2node-1516-bs2acc1-epoch4-ar-eval-20260804/epoch_1_step_65000/model.safetensors	1164584662	1.085	1785894931	2026-08-05 09:55
/data/guorui/checkpoint-trash	qwen3-4b-difference-linear-pure-pool-domino-all36-b16-l5-post-norm-2node-0509-bs2acc1-epoch4-ar-eval-20260804	epoch_1_step_70000-20260805-094032	/data/guorui/checkpoint-trash/qwen3-4b-difference-linear-pure-pool-domino-all36-b16-l5-post-norm-2node-0509-bs2acc1-epoch4-ar-eval-20260804/epoch_1_step_70000-20260805-094032/model.safetensors	1165691238	1.086	1785891452	2026-08-05 08:57
/data/guorui/checkpoint-trash	qwen3-4b-difference-linear-pure-pool-domino-all36-b16-l5-post-norm-2node-0509-bs2acc1-epoch4-ar-eval-20260804	epoch_1_step_65000-20260805-085732	/data/guorui/checkpoint-trash/qwen3-4b-difference-linear-pure-pool-domino-all36-b16-l5-post-norm-2node-0509-bs2acc1-epoch4-ar-eval-20260804/epoch_1_step_65000-20260805-085732/model.safetensors	1165691238	1.086	1785888875	2026-08-05 08:14
/data/guorui/checkpoint-trash	qwen3-4b-difference-linear-pure-pool-domino-all36-b16-l5-post-norm-2node-0509-bs2acc1-epoch4-ar-eval-20260804	epoch_1_step_60000-20260805-081435	/data/guorui/checkpoint-trash/qwen3-4b-difference-linear-pure-pool-domino-all36-b16-l5-post-norm-2node-0509-bs2acc1-epoch4-ar-eval-20260804/epoch_1_step_60000-20260805-081435/model.safetensors	1165691238	1.086	1785886299	2026-08-05 07:31
/data/guorui/checkpoint-trash	qwen3-4b-difference-linear-pure-pool-domino-all36-b16-l5-post-norm-2node-0509-bs2acc1-epoch4-ar-eval-20260804	epoch_1_step_55000-20260805-073139	/data/guorui/checkpoint-trash/qwen3-4b-difference-linear-pure-pool-domino-all36-b16-l5-post-norm-2node-0509-bs2acc1-epoch4-ar-eval-20260804/epoch_1_step_55000-20260805-073139/model.safetensors	1165691238	1.086	1785883730	2026-08-05 06:48
/data/guorui/checkpoint-trash	qwen3-4b-difference-linear-pure-pool-domino-all36-b16-l5-post-norm-2node-0509-bs2acc1-epoch4-ar-eval-20260804	epoch_1_step_50000-20260805-064850	/data/guorui/checkpoint-trash/qwen3-4b-difference-linear-pure-pool-domino-all36-b16-l5-post-norm-2node-0509-bs2acc1-epoch4-ar-eval-20260804/epoch_1_step_50000-20260805-064850/model.safetensors	1165691238	1.086	1785881150	2026-08-05 06:05
/data/guorui/checkpoint-trash	qwen3-4b-difference-linear-pure-pool-domino-all36-b16-l5-post-norm-2node-0509-bs2acc1-epoch4-ar-eval-20260804	epoch_1_step_45000-20260805-060550	/data/guorui/checkpoint-trash/qwen3-4b-difference-linear-pure-pool-domino-all36-b16-l5-post-norm-2node-0509-bs2acc1-epoch4-ar-eval-20260804/epoch_1_step_45000-20260805-060550/model.safetensors	1165691238	1.086	1785878571	2026-08-05 05:22
/data/guorui/checkpoint-trash	qwen3-4b-difference-linear-pure-pool-domino-all36-b16-l5-post-norm-2node-0509-bs2acc1-epoch4-ar-eval-20260804	epoch_1_step_40000-20260805-052251	/data/guorui/checkpoint-trash/qwen3-4b-difference-linear-pure-pool-domino-all36-b16-l5-post-norm-2node-0509-bs2acc1-epoch4-ar-eval-20260804/epoch_1_step_40000-20260805-052251/model.safetensors	1165691238	1.086	1785875999	2026-08-05 04:39
/data/guorui/checkpoint-trash	qwen3-4b-difference-linear-pure-pool-domino-all36-b16-l5-post-norm-2node-0509-bs2acc1-epoch4-ar-eval-20260804	epoch_0_step_35000-20260805-043959	/data/guorui/checkpoint-trash/qwen3-4b-difference-linear-pure-pool-domino-all36-b16-l5-post-norm-2node-0509-bs2acc1-epoch4-ar-eval-20260804/epoch_0_step_35000-20260805-043959/model.safetensors	1165691238	1.086	1785873420	2026-08-05 03:57
/data/guorui/checkpoint-trash	qwen3-4b-difference-linear-pure-pool-domino-all36-b16-l5-post-norm-2node-0509-bs2acc1-epoch4-ar-eval-20260804	epoch_0_step_30000-20260805-035701	/data/guorui/checkpoint-trash/qwen3-4b-difference-linear-pure-pool-domino-all36-b16-l5-post-norm-2node-0509-bs2acc1-epoch4-ar-eval-20260804/epoch_0_step_30000-20260805-035701/model.safetensors	1165691238	1.086	1785870847	2026-08-05 03:14
/data/guorui/checkpoint-trash	qwen3-4b-difference-linear-pure-pool-domino-all36-b16-l5-post-norm-2node-0509-bs2acc1-epoch4-ar-eval-20260804	epoch_0_step_25000-20260805-031407	/data/guorui/checkpoint-trash/qwen3-4b-difference-linear-pure-pool-domino-all36-b16-l5-post-norm-2node-0509-bs2acc1-epoch4-ar-eval-20260804/epoch_0_step_25000-20260805-031407/model.safetensors	1165691238	1.086	1785868273	2026-08-05 02:31
/data/guorui/checkpoint-trash	qwen3-4b-difference-linear-pure-pool-domino-all36-b16-l5-post-norm-2node-0509-bs2acc1-epoch4-ar-eval-20260804	epoch_0_step_20000-20260805-023114	/data/guorui/checkpoint-trash/qwen3-4b-difference-linear-pure-pool-domino-all36-b16-l5-post-norm-2node-0509-bs2acc1-epoch4-ar-eval-20260804/epoch_0_step_20000-20260805-023114/model.safetensors	1165691238	1.086	1785865703	2026-08-05 01:48
/data/guorui/checkpoint-trash	qwen3-4b-difference-linear-pure-pool-domino-all36-b16-l5-post-norm-2node-0509-bs2acc1-epoch4-ar-eval-20260804	epoch_0_step_15000-20260805-014824	/data/guorui/checkpoint-trash/qwen3-4b-difference-linear-pure-pool-domino-all36-b16-l5-post-norm-2node-0509-bs2acc1-epoch4-ar-eval-20260804/epoch_0_step_15000-20260805-014824/model.safetensors	1165691238	1.086	1785863128	2026-08-05 01:05
outputs	qwen3-4b-diff-pool-dc-domino-all36-b16-l5-2node-1516-bs2acc1-epoch4-ar-eval-20260804	epoch_0_step_5000	/share/guorui/投机解码训练/SpecForge/outputs/qwen3-4b-diff-pool-dc-domino-all36-b16-l5-2node-1516-bs2acc1-epoch4-ar-eval-20260804/epoch_0_step_5000/model.safetensors	1164584744	1.085	1785862303	2026-08-05 00:51
/data/guorui/checkpoint-trash	qwen3-4b-difference-linear-pure-pool-domino-all36-b16-l5-post-norm-2node-0509-bs2acc1-epoch4-ar-eval-20260804	epoch_0_step_10000-20260805-010528	/data/guorui/checkpoint-trash/qwen3-4b-difference-linear-pure-pool-domino-all36-b16-l5-post-norm-2node-0509-bs2acc1-epoch4-ar-eval-20260804/epoch_0_step_10000-20260805-010528/model.safetensors	1165691238	1.086	1785860555	2026-08-05 00:22
/data/guorui/checkpoint-trash	qwen3-4b-difference-linear-pure-pool-domino-all36-b16-l5-post-norm-2node-0509-bs2acc1-epoch4-ar-eval-20260804	epoch_0_step_5000-20260805-002235	/data/guorui/checkpoint-trash/qwen3-4b-difference-linear-pure-pool-domino-all36-b16-l5-post-norm-2node-0509-bs2acc1-epoch4-ar-eval-20260804/epoch_0_step_5000-20260805-002235/model.safetensors	1165691238	1.086	1785857991	2026-08-04 23:39
outputs	qwen3-4b-two-dim-difference-linear-pure-pool-domino-all36-b16-l5-2node-0509-bs2acc1-epoch4-ar-eval-20260804	epoch_0_step_10000	/share/guorui/投机解码训练/SpecForge/outputs/qwen3-4b-two-dim-difference-linear-pure-pool-domino-all36-b16-l5-2node-0509-bs2acc1-epoch4-ar-eval-20260804/epoch_0_step_10000/model.safetensors	1165665902	1.086	1785854414	2026-08-04 22:40
/data/guorui/checkpoint-trash	qwen3-4b-two-dim-difference-linear-pure-pool-domino-all36-b16-l5-2node-0509-bs2acc1-epoch4-ar-eval-20260804	epoch_0_step_5000-20260804-224014	/data/guorui/checkpoint-trash/qwen3-4b-two-dim-difference-linear-pure-pool-domino-all36-b16-l5-2node-0509-bs2acc1-epoch4-ar-eval-20260804/epoch_0_step_5000-20260804-224014/model.safetensors	1165665902	1.086	1785851354	2026-08-04 21:49
outputs	qwen3-4b-pure-pool-independent-kv-domino-all36-b16-l7-continue-step50000-2node-1011-lr191683-lambda3671-20260804	epoch_3_step_130000	/share/guorui/投机解码训练/SpecForge/outputs/qwen3-4b-pure-pool-independent-kv-domino-all36-b16-l7-continue-step50000-2node-1011-lr191683-lambda3671-20260804/epoch_3_step_130000/model.safetensors	1589758480	1.481	1785824389	2026-08-04 14:19
outputs	qwen3-4b-dflare-all36-b8-fixed7-learned-weights-step3p5-perfectblend-mix-2node-1516-bs2acc1-epoch4-ar-eval-20260804-rerun	epoch_1_step_70000	/share/guorui/投机解码训练/SpecForge/outputs/qwen3-4b-dflare-all36-b8-fixed7-learned-weights-step3p5-perfectblend-mix-2node-1516-bs2acc1-epoch4-ar-eval-20260804-rerun/epoch_1_step_70000/model.safetensors	1163401246	1.084	1785805470	2026-08-04 09:04
outputs	qwen3-4b-pure-pool-independent-kv-domino-all36-b16-l7-step3p5-perfectblend-mix-node10-bs2acc1-epoch4-ar-eval-20260804	epoch_2_step_50000	/share/guorui/投机解码训练/SpecForge/outputs/qwen3-4b-pure-pool-independent-kv-domino-all36-b16-l7-step3p5-perfectblend-mix-node10-bs2acc1-epoch4-ar-eval-20260804/epoch_2_step_50000/model.safetensors	1589758480	1.481	1785804562	2026-08-04 08:49
/data/guorui/checkpoint-trash	qwen3-4b-pure-pool-independent-kv-domino-all36-b16-l7-step3p5-perfectblend-mix-node10-bs2acc1-epoch4-ar-eval-20260804	epoch_2_step_45000-20260804-084923	/data/guorui/checkpoint-trash/qwen3-4b-pure-pool-independent-kv-domino-all36-b16-l7-step3p5-perfectblend-mix-node10-bs2acc1-epoch4-ar-eval-20260804/epoch_2_step_45000-20260804-084923/model.safetensors	1589758480	1.481	1785801947	2026-08-04 08:05
/data/guorui/checkpoint-trash	qwen3-4b-pure-pool-independent-kv-domino-all36-b16-l7-step3p5-perfectblend-mix-node10-bs2acc1-epoch4-ar-eval-20260804	epoch_2_step_40000-20260804-080548	/data/guorui/checkpoint-trash/qwen3-4b-pure-pool-independent-kv-domino-all36-b16-l7-step3p5-perfectblend-mix-node10-bs2acc1-epoch4-ar-eval-20260804/epoch_2_step_40000-20260804-080548/model.safetensors	1589758480	1.481	1785799332	2026-08-04 07:22
/data/guorui/checkpoint-trash	qwen3-4b-pure-pool-independent-kv-domino-all36-b16-l7-step3p5-perfectblend-mix-node10-bs2acc1-epoch4-ar-eval-20260804	epoch_1_step_35000-20260804-072213	/data/guorui/checkpoint-trash/qwen3-4b-pure-pool-independent-kv-domino-all36-b16-l7-step3p5-perfectblend-mix-node10-bs2acc1-epoch4-ar-eval-20260804/epoch_1_step_35000-20260804-072213/model.safetensors	1589758480	1.481	1785796716	2026-08-04 06:38
/data/guorui/checkpoint-trash	qwen3-4b-pure-pool-independent-kv-domino-all36-b16-l7-step3p5-perfectblend-mix-node10-bs2acc1-epoch4-ar-eval-20260804	epoch_1_step_30000-20260804-063836	/data/guorui/checkpoint-trash/qwen3-4b-pure-pool-independent-kv-domino-all36-b16-l7-step3p5-perfectblend-mix-node10-bs2acc1-epoch4-ar-eval-20260804/epoch_1_step_30000-20260804-063836/model.safetensors	1589758480	1.481	1785794095	2026-08-04 05:54
/data/guorui/checkpoint-trash	qwen3-4b-pure-pool-independent-kv-domino-all36-b16-l7-step3p5-perfectblend-mix-node10-bs2acc1-epoch4-ar-eval-20260804	epoch_1_step_25000-20260804-055456	/data/guorui/checkpoint-trash/qwen3-4b-pure-pool-independent-kv-domino-all36-b16-l7-step3p5-perfectblend-mix-node10-bs2acc1-epoch4-ar-eval-20260804/epoch_1_step_25000-20260804-055456/model.safetensors	1589758480	1.481	1785791480	2026-08-04 05:11
/data/guorui/checkpoint-trash	qwen3-4b-pure-pool-independent-kv-domino-all36-b16-l7-step3p5-perfectblend-mix-node10-bs2acc1-epoch4-ar-eval-20260804	epoch_1_step_20000-20260804-051120	/data/guorui/checkpoint-trash/qwen3-4b-pure-pool-independent-kv-domino-all36-b16-l7-step3p5-perfectblend-mix-node10-bs2acc1-epoch4-ar-eval-20260804/epoch_1_step_20000-20260804-051120/model.safetensors	1589758480	1.481	1785788864	2026-08-04 04:27
/data/guorui/checkpoint-trash	qwen3-4b-pure-pool-independent-kv-domino-all36-b16-l7-step3p5-perfectblend-mix-node10-bs2acc1-epoch4-ar-eval-20260804	epoch_0_step_15000-20260804-042744	/data/guorui/checkpoint-trash/qwen3-4b-pure-pool-independent-kv-domino-all36-b16-l7-step3p5-perfectblend-mix-node10-bs2acc1-epoch4-ar-eval-20260804/epoch_0_step_15000-20260804-042744/model.safetensors	1589758480	1.481	1785786249	2026-08-04 03:44
/data/guorui/checkpoint-trash	qwen3-4b-pure-pool-independent-kv-domino-all36-b16-l7-step3p5-perfectblend-mix-node10-bs2acc1-epoch4-ar-eval-20260804	epoch_0_step_10000-20260804-034410	/data/guorui/checkpoint-trash/qwen3-4b-pure-pool-independent-kv-domino-all36-b16-l7-step3p5-perfectblend-mix-node10-bs2acc1-epoch4-ar-eval-20260804/epoch_0_step_10000-20260804-034410/model.safetensors	1589758480	1.481	1785783635	2026-08-04 03:00
/data/guorui/checkpoint-trash	qwen3-4b-pure-pool-independent-kv-domino-all36-b16-l7-step3p5-perfectblend-mix-node10-bs2acc1-epoch4-ar-eval-20260804	epoch_0_step_5000-20260804-030035	/data/guorui/checkpoint-trash/qwen3-4b-pure-pool-independent-kv-domino-all36-b16-l7-step3p5-perfectblend-mix-node10-bs2acc1-epoch4-ar-eval-20260804/epoch_0_step_5000-20260804-030035/model.safetensors	1589758480	1.481	1785781034	2026-08-04 02:17
outputs	qwen3-4b-dflare-all36-b8-step3p5-perfectblend-mix-2node-1516-bs2acc1-epoch4-ar-eval-20260803	epoch_0_step_5000	/share/guorui/投机解码训练/SpecForge/outputs/qwen3-4b-dflare-all36-b8-step3p5-perfectblend-mix-2node-1516-bs2acc1-epoch4-ar-eval-20260803/epoch_0_step_5000/model.safetensors	1163401246	1.084	1785778954	2026-08-04 01:42
outputs	qwen3-4b-pure-pool-independent-kv-domino-l2sp-lm-head-all36-b8-from-step79808-noskip-node10-20260803-fixed	epoch_1_step_125000	/share/guorui/投机解码训练/SpecForge/outputs/qwen3-4b-pure-pool-independent-kv-domino-l2sp-lm-head-all36-b8-from-step79808-noskip-node10-20260803-fixed/epoch_1_step_125000/model.safetensors	1942609728	1.809	1785777671	2026-08-04 01:21
outputs	qwen3-4b-pure-pool-independent-kv-domino-l2sp-lm-head-init-audit-20260803	epoch_5_step_319200	/share/guorui/投机解码训练/SpecForge/outputs/qwen3-4b-pure-pool-independent-kv-domino-l2sp-lm-head-init-audit-20260803/epoch_5_step_319200/model.safetensors	1942609728	1.809	1785725835	2026-08-03 10:57
outputs	qwen3-4b-independent-lm-head-pure-pool-independent-kv-domino-all36-b8-step3p5-perfectblend-mix-from-scratch-5node-0809101112-bs2acc1-epoch4-ar-eval-20260802-rerun2	epoch_2_step_45000	/share/guorui/投机解码训练/SpecForge/outputs/qwen3-4b-independent-lm-head-pure-pool-independent-kv-domino-all36-b8-step3p5-perfectblend-mix-from-scratch-5node-0809101112-bs2acc1-epoch4-ar-eval-20260802-rerun2/epoch_2_step_45000/model.safetensors	1942609728	1.809	1785718958	2026-08-03 09:02
outputs	qwen3-4b-independent-lm-head-pure-pool-independent-kv-domino-all36-b8-continue-step79808-lr2e-4-3epoch-4node-08091011-20260802	epoch_4_step_80000	/share/guorui/投机解码训练/SpecForge/outputs/qwen3-4b-independent-lm-head-pure-pool-independent-kv-domino-all36-b8-continue-step79808-lr2e-4-3epoch-4node-08091011-20260802/epoch_4_step_80000/model.safetensors	1942609728	1.809	1785694950	2026-08-03 02:22
outputs	qwen3-4b-pure-pool-independent-kv-domino-all36-b16-l4-step3p5-perfectblend-mix-5node-0809101112-bs2acc1-epoch4-ar-eval-20260802	epoch_0_step_15000	/share/guorui/投机解码训练/SpecForge/outputs/qwen3-4b-pure-pool-independent-kv-domino-all36-b16-l4-step3p5-perfectblend-mix-5node-0809101112-bs2acc1-epoch4-ar-eval-20260802/epoch_0_step_15000/model.safetensors	952164088	0.887	1785693511	2026-08-03 01:58
outputs	qwen3-4b-pure-pool-independent-kv-domino-all36-b8-step3p5-perfectblend-mix-4node-08091011-bs2acc1-epoch4-ar-eval-20260801	epoch_4_step_79808	/share/guorui/投机解码训练/SpecForge/outputs/qwen3-4b-pure-pool-independent-kv-domino-all36-b8-step3p5-perfectblend-mix-4node-08091011-bs2acc1-epoch4-ar-eval-20260801/epoch_4_step_79808/model.safetensors	1164697304	1.085	1785635402	2026-08-02 09:50
outputs	qwen3-4b-pool-domino-all36-shared-semantic-ffn-r1024-b16-step3p5-perfectblend-mix-4node-08091011-bs2acc1-epoch6-ar-eval-20260801	epoch_0_step_10000	/share/guorui/投机解码训练/SpecForge/outputs/qwen3-4b-pool-domino-all36-shared-semantic-ffn-r1024-b16-step3p5-perfectblend-mix-4node-08091011-bs2acc1-epoch6-ar-eval-20260801/epoch_0_step_10000/model.safetensors	1122753384	1.046	1785596281	2026-08-01 22:58
outputs	qwen3-4b-layer-pool-domino-all36-shared-semantic-ffn-r1024-b8-step3p5-perfectblend-mix-4node-08091011-bs2acc1-epoch4-ar-eval-20260801	epoch_2_step_40000	/share/guorui/投机解码训练/SpecForge/outputs/qwen3-4b-layer-pool-domino-all36-shared-semantic-ffn-r1024-b8-step3p5-perfectblend-mix-4node-08091011-bs2acc1-epoch4-ar-eval-20260801/epoch_2_step_40000/model.safetensors	1175183192	1.094	1785588215	2026-08-01 20:43
outputs	qwen3-4b-pool-domino-all36-shared-semantic-ffn-r1024-b8-l7-step3p5-perfectblend-mix-3node-050809-bs2acc1-epoch4-ar-eval-20260731	epoch_4_step_106412	/share/guorui/投机解码训练/SpecForge/outputs/qwen3-4b-pool-domino-all36-shared-semantic-ffn-r1024-b8-l7-step3p5-perfectblend-mix-3node-050809-bs2acc1-epoch4-ar-eval-20260731/epoch_4_step_106412/model.safetensors	1526847824	1.422	1785564494	2026-08-01 14:08
/data/guorui/checkpoint-trash	qwen3-4b-pool-domino-all36-shared-semantic-ffn-r1024-b8-l7-step3p5-perfectblend-mix-3node-050809-bs2acc1-epoch4-ar-eval-20260731	epoch_3_step_105000-20260801-140814	/data/guorui/checkpoint-trash/qwen3-4b-pool-domino-all36-shared-semantic-ffn-r1024-b8-l7-step3p5-perfectblend-mix-3node-050809-bs2acc1-epoch4-ar-eval-20260731/epoch_3_step_105000-20260801-140814/model.safetensors	1526847824	1.422	1785563835	2026-08-01 13:57
/data/guorui/checkpoint-trash	qwen3-4b-pool-domino-all36-shared-semantic-ffn-r1024-b8-l7-step3p5-perfectblend-mix-3node-050809-bs2acc1-epoch4-ar-eval-20260731	epoch_3_step_100000-20260801-135716	/data/guorui/checkpoint-trash/qwen3-4b-pool-domino-all36-shared-semantic-ffn-r1024-b8-l7-step3p5-perfectblend-mix-3node-050809-bs2acc1-epoch4-ar-eval-20260731/epoch_3_step_100000-20260801-135716/model.safetensors	1526847824	1.422	1785561550	2026-08-01 13:19
/data/guorui/checkpoint-trash	qwen3-4b-pool-domino-all36-shared-semantic-ffn-r1024-b8-l7-step3p5-perfectblend-mix-3node-050809-bs2acc1-epoch4-ar-eval-20260731	epoch_3_step_95000-20260801-131910	/data/guorui/checkpoint-trash/qwen3-4b-pool-domino-all36-shared-semantic-ffn-r1024-b8-l7-step3p5-perfectblend-mix-3node-050809-bs2acc1-epoch4-ar-eval-20260731/epoch_3_step_95000-20260801-131910/model.safetensors	1526847824	1.422	1785559255	2026-08-01 12:40
/data/guorui/checkpoint-trash	qwen3-4b-pool-domino-all36-shared-semantic-ffn-r1024-b8-l7-step3p5-perfectblend-mix-3node-050809-bs2acc1-epoch4-ar-eval-20260731	epoch_3_step_90000-20260801-124055	/data/guorui/checkpoint-trash/qwen3-4b-pool-domino-all36-shared-semantic-ffn-r1024-b8-l7-step3p5-perfectblend-mix-3node-050809-bs2acc1-epoch4-ar-eval-20260731/epoch_3_step_90000-20260801-124055/model.safetensors	1526847824	1.422	1785556961	2026-08-01 12:02
/data/guorui/checkpoint-trash	qwen3-4b-pool-domino-all36-shared-semantic-ffn-r1024-b8-l7-step3p5-perfectblend-mix-3node-050809-bs2acc1-epoch4-ar-eval-20260731	epoch_3_step_85000-20260801-120241	/data/guorui/checkpoint-trash/qwen3-4b-pool-domino-all36-shared-semantic-ffn-r1024-b8-l7-step3p5-perfectblend-mix-3node-050809-bs2acc1-epoch4-ar-eval-20260731/epoch_3_step_85000-20260801-120241/model.safetensors	1526847824	1.422	1785554678	2026-08-01 11:24
outputs	qwen3-4b-pool-domino-all36-shared-semantic-ffn-r1024-b8-step3p5-perfectblend-mix-2node-1011-bs2acc1-epoch4-ar-eval-20260731-rerun	epoch_4_step_159620	/share/guorui/投机解码训练/SpecForge/outputs/qwen3-4b-pool-domino-all36-shared-semantic-ffn-r1024-b8-step3p5-perfectblend-mix-2node-1011-bs2acc1-epoch4-ar-eval-20260731-rerun/epoch_4_step_159620/model.safetensors	1122753384	1.046	1785552894	2026-08-01 10:54
/data/guorui/checkpoint-trash	qwen3-4b-pool-domino-all36-shared-semantic-ffn-r1024-b8-l7-step3p5-perfectblend-mix-3node-050809-bs2acc1-epoch4-ar-eval-20260731	epoch_3_step_80000-20260801-112438	/data/guorui/checkpoint-trash/qwen3-4b-pool-domino-all36-shared-semantic-ffn-r1024-b8-l7-step3p5-perfectblend-mix-3node-050809-bs2acc1-epoch4-ar-eval-20260731/epoch_3_step_80000-20260801-112438/model.safetensors	1526847824	1.422	1785552400	2026-08-01 10:46
/data/guorui/checkpoint-trash	qwen3-4b-pool-domino-all36-shared-semantic-ffn-r1024-b8-l7-step3p5-perfectblend-mix-3node-050809-bs2acc1-epoch4-ar-eval-20260731	epoch_2_step_75000-20260801-104640	/data/guorui/checkpoint-trash/qwen3-4b-pool-domino-all36-shared-semantic-ffn-r1024-b8-l7-step3p5-perfectblend-mix-3node-050809-bs2acc1-epoch4-ar-eval-20260731/epoch_2_step_75000-20260801-104640/model.safetensors	1526847824	1.422	1785550106	2026-08-01 10:08
outputs	qwen3-4b-domino-official-b8-true-step3p5-perfectblend-mix-from-scratch-4node-13141718-32gpu-bs2acc1-epoch4-eval1k-20260731-rerun2	epoch_4_step_79808	/share/guorui/投机解码训练/SpecForge/outputs/qwen3-4b-domino-official-b8-true-step3p5-perfectblend-mix-from-scratch-4node-13141718-32gpu-bs2acc1-epoch4-eval1k-20260731-rerun2/epoch_4_step_79808/model.safetensors	1176507304	1.096	1785548406	2026-08-01 09:40
/data/guorui/checkpoint-trash	qwen3-4b-pool-domino-all36-shared-semantic-ffn-r1024-b8-l7-step3p5-perfectblend-mix-3node-050809-bs2acc1-epoch4-ar-eval-20260731	epoch_2_step_70000-20260801-100826	/data/guorui/checkpoint-trash/qwen3-4b-pool-domino-all36-shared-semantic-ffn-r1024-b8-l7-step3p5-perfectblend-mix-3node-050809-bs2acc1-epoch4-ar-eval-20260731/epoch_2_step_70000-20260801-100826/model.safetensors	1526847824	1.422	1785547817	2026-08-01 09:30
/data/guorui/checkpoint-trash	qwen3-4b-pool-domino-all36-shared-semantic-ffn-r1024-b8-l7-step3p5-perfectblend-mix-3node-050809-bs2acc1-epoch4-ar-eval-20260731	epoch_2_step_65000-20260801-093017	/data/guorui/checkpoint-trash/qwen3-4b-pool-domino-all36-shared-semantic-ffn-r1024-b8-l7-step3p5-perfectblend-mix-3node-050809-bs2acc1-epoch4-ar-eval-20260731/epoch_2_step_65000-20260801-093017/model.safetensors	1526847824	1.422	1785545528	2026-08-01 08:52
/data/guorui/checkpoint-trash	qwen3-4b-pool-domino-all36-shared-semantic-ffn-r1024-b8-l7-step3p5-perfectblend-mix-3node-050809-bs2acc1-epoch4-ar-eval-20260731	epoch_2_step_60000-20260801-085208	/data/guorui/checkpoint-trash/qwen3-4b-pool-domino-all36-shared-semantic-ffn-r1024-b8-l7-step3p5-perfectblend-mix-3node-050809-bs2acc1-epoch4-ar-eval-20260731/epoch_2_step_60000-20260801-085208/model.safetensors	1526847824	1.422	1785543249	2026-08-01 08:14
/data/guorui/checkpoint-trash	qwen3-4b-pool-domino-all36-shared-semantic-ffn-r1024-b8-l7-step3p5-perfectblend-mix-3node-050809-bs2acc1-epoch4-ar-eval-20260731	epoch_2_step_55000-20260801-081409	/data/guorui/checkpoint-trash/qwen3-4b-pool-domino-all36-shared-semantic-ffn-r1024-b8-l7-step3p5-perfectblend-mix-3node-050809-bs2acc1-epoch4-ar-eval-20260731/epoch_2_step_55000-20260801-081409/model.safetensors	1526847824	1.422	1785540964	2026-08-01 07:36
/data/guorui/checkpoint-trash	qwen3-4b-pool-domino-all36-shared-semantic-ffn-r1024-b8-l7-step3p5-perfectblend-mix-3node-050809-bs2acc1-epoch4-ar-eval-20260731	epoch_1_step_50000-20260801-073604	/data/guorui/checkpoint-trash/qwen3-4b-pool-domino-all36-shared-semantic-ffn-r1024-b8-l7-step3p5-perfectblend-mix-3node-050809-bs2acc1-epoch4-ar-eval-20260731/epoch_1_step_50000-20260801-073604/model.safetensors	1526847824	1.422	1785538677	2026-08-01 06:57
/data/guorui/checkpoint-trash	qwen3-4b-pool-domino-all36-shared-semantic-ffn-r1024-b8-l7-step3p5-perfectblend-mix-3node-050809-bs2acc1-epoch4-ar-eval-20260731	epoch_1_step_45000-20260801-065757	/data/guorui/checkpoint-trash/qwen3-4b-pool-domino-all36-shared-semantic-ffn-r1024-b8-l7-step3p5-perfectblend-mix-3node-050809-bs2acc1-epoch4-ar-eval-20260731/epoch_1_step_45000-20260801-065757/model.safetensors	1526847824	1.422	1785536393	2026-08-01 06:19
/data/guorui/checkpoint-trash	qwen3-4b-pool-domino-all36-shared-semantic-ffn-r1024-b8-l7-step3p5-perfectblend-mix-3node-050809-bs2acc1-epoch4-ar-eval-20260731	epoch_1_step_40000-20260801-061953	/data/guorui/checkpoint-trash/qwen3-4b-pool-domino-all36-shared-semantic-ffn-r1024-b8-l7-step3p5-perfectblend-mix-3node-050809-bs2acc1-epoch4-ar-eval-20260731/epoch_1_step_40000-20260801-061953/model.safetensors	1526847824	1.422	1785534111	2026-08-01 05:41
/data/guorui/checkpoint-trash	qwen3-4b-pool-domino-all36-shared-semantic-ffn-r1024-b8-l7-step3p5-perfectblend-mix-3node-050809-bs2acc1-epoch4-ar-eval-20260731	epoch_1_step_35000-20260801-054151	/data/guorui/checkpoint-trash/qwen3-4b-pool-domino-all36-shared-semantic-ffn-r1024-b8-l7-step3p5-perfectblend-mix-3node-050809-bs2acc1-epoch4-ar-eval-20260731/epoch_1_step_35000-20260801-054151/model.safetensors	1526847824	1.422	1785531833	2026-08-01 05:03
/data/guorui/checkpoint-trash	qwen3-4b-pool-domino-all36-shared-semantic-ffn-r1024-b8-l7-step3p5-perfectblend-mix-3node-050809-bs2acc1-epoch4-ar-eval-20260731	epoch_1_step_30000-20260801-050353	/data/guorui/checkpoint-trash/qwen3-4b-pool-domino-all36-shared-semantic-ffn-r1024-b8-l7-step3p5-perfectblend-mix-3node-050809-bs2acc1-epoch4-ar-eval-20260731/epoch_1_step_30000-20260801-050353/model.safetensors	1526847824	1.422	1785529541	2026-08-01 04:25
/data/guorui/checkpoint-trash	qwen3-4b-pool-domino-all36-shared-semantic-ffn-r1024-b8-l7-step3p5-perfectblend-mix-3node-050809-bs2acc1-epoch4-ar-eval-20260731	epoch_0_step_25000-20260801-042541	/data/guorui/checkpoint-trash/qwen3-4b-pool-domino-all36-shared-semantic-ffn-r1024-b8-l7-step3p5-perfectblend-mix-3node-050809-bs2acc1-epoch4-ar-eval-20260731/epoch_0_step_25000-20260801-042541/model.safetensors	1526847824	1.422	1785527255	2026-08-01 03:47
/data/guorui/checkpoint-trash	qwen3-4b-pool-domino-all36-shared-semantic-ffn-r1024-b8-l7-step3p5-perfectblend-mix-3node-050809-bs2acc1-epoch4-ar-eval-20260731	epoch_0_step_20000-20260801-034735	/data/guorui/checkpoint-trash/qwen3-4b-pool-domino-all36-shared-semantic-ffn-r1024-b8-l7-step3p5-perfectblend-mix-3node-050809-bs2acc1-epoch4-ar-eval-20260731/epoch_0_step_20000-20260801-034735/model.safetensors	1526847824	1.422	1785524974	2026-08-01 03:09
/data/guorui/checkpoint-trash	qwen3-4b-pool-domino-all36-shared-semantic-ffn-r1024-b8-l7-step3p5-perfectblend-mix-3node-050809-bs2acc1-epoch4-ar-eval-20260731	epoch_0_step_15000-20260801-030934	/data/guorui/checkpoint-trash/qwen3-4b-pool-domino-all36-shared-semantic-ffn-r1024-b8-l7-step3p5-perfectblend-mix-3node-050809-bs2acc1-epoch4-ar-eval-20260731/epoch_0_step_15000-20260801-030934/model.safetensors	1526847824	1.422	1785522666	2026-08-01 02:31
/data/guorui/checkpoint-trash	qwen3-4b-pool-domino-all36-shared-semantic-ffn-r1024-b8-l7-step3p5-perfectblend-mix-3node-050809-bs2acc1-epoch4-ar-eval-20260731	epoch_0_step_10000-20260801-023106	/data/guorui/checkpoint-trash/qwen3-4b-pool-domino-all36-shared-semantic-ffn-r1024-b8-l7-step3p5-perfectblend-mix-3node-050809-bs2acc1-epoch4-ar-eval-20260731/epoch_0_step_10000-20260801-023106/model.safetensors	1526847824	1.422	1785520372	2026-08-01 01:52
/data/guorui/checkpoint-trash	qwen3-4b-pool-domino-all36-shared-semantic-ffn-r1024-b8-l7-step3p5-perfectblend-mix-3node-050809-bs2acc1-epoch4-ar-eval-20260731	epoch_0_step_5000-20260801-015252	/data/guorui/checkpoint-trash/qwen3-4b-pool-domino-all36-shared-semantic-ffn-r1024-b8-l7-step3p5-perfectblend-mix-3node-050809-bs2acc1-epoch4-ar-eval-20260731/epoch_0_step_5000-20260801-015252/model.safetensors	1526847824	1.422	1785518090	2026-08-01 01:14
outputs	qwen3-4b-domino-all36-shared-gate-rmsnorm-lowrank-r1024-b8-step3p5-perfectblend-mix-2node-1011-bs2acc1-epoch4-ar-eval-fixed-20260730	epoch_3_step_155000	/share/guorui/投机解码训练/SpecForge/outputs/qwen3-4b-domino-all36-shared-gate-rmsnorm-lowrank-r1024-b8-step3p5-perfectblend-mix-2node-1011-bs2acc1-epoch4-ar-eval-fixed-20260730/epoch_3_step_155000/model.safetensors	1489565368	1.387	1785464296	2026-07-31 10:18
outputs	qwen3-4b-domino-all36-shared-gate-rmsnorm-lowrank-r1024-b8-step3p5-perfectblend-mix-2node-1011-bs2acc1-epoch4-ar-eval-20260730	epoch_0_step_15000	/share/guorui/投机解码训练/SpecForge/outputs/qwen3-4b-domino-all36-shared-gate-rmsnorm-lowrank-r1024-b8-step3p5-perfectblend-mix-2node-1011-bs2acc1-epoch4-ar-eval-20260730/epoch_0_step_15000/model.safetensors	1489565368	1.387	1785402528	2026-07-30 17:08
outputs	qwen3-4b-domino-all36-draft-layer-gate-independent-rmsnorm-lowrank-r1024-b16-step3p5-perfectblend-mix-2node-1011-bs2acc1-epoch5-20260730-retry3	epoch_2_step_104000	/share/guorui/投机解码训练/SpecForge/outputs/qwen3-4b-domino-all36-draft-layer-gate-independent-rmsnorm-lowrank-r1024-b16-step3p5-perfectblend-mix-2node-1011-bs2acc1-epoch5-20260730-retry3/epoch_2_step_104000/model.safetensors	1489565368	1.387	1785388403	2026-07-30 13:13
outputs	qwen3-4b-domino-all36-draft-layer-gate-independent-rmsnorm-lowrank-r1024-b16-step3p5-perfectblend-mix-2node-1011-bs2acc1-epoch5-20260730-retry2	epoch_2_step_100000	/share/guorui/投机解码训练/SpecForge/outputs/qwen3-4b-domino-all36-draft-layer-gate-independent-rmsnorm-lowrank-r1024-b16-step3p5-perfectblend-mix-2node-1011-bs2acc1-epoch5-20260730-retry2/epoch_2_step_100000/model.safetensors	1489565368	1.387	1785384704	2026-07-30 12:11
outputs	qwen3-4b-domino-all36-draft-layer-gate-independent-rmsnorm-lowrank-r1024-b16-step3p5-perfectblend-mix-2node-1011-bs2acc1-epoch5-20260730-retry	epoch_2_step_100000	/share/guorui/投机解码训练/SpecForge/outputs/qwen3-4b-domino-all36-draft-layer-gate-independent-rmsnorm-lowrank-r1024-b16-step3p5-perfectblend-mix-2node-1011-bs2acc1-epoch5-20260730-retry/epoch_2_step_100000/model.safetensors	1489565368	1.387	1785380564	2026-07-30 11:02
outputs	qwen3-4b-domino-all36-draft-layer-gate-independent-rmsnorm-lowrank-r1024-b16-step3p5-perfectblend-mix-4node-051011-bs2acc1-epoch4-eval1k-20260729	epoch_2_step_46000	/share/guorui/投机解码训练/SpecForge/outputs/qwen3-4b-domino-all36-draft-layer-gate-independent-rmsnorm-lowrank-r1024-b16-step3p5-perfectblend-mix-4node-051011-bs2acc1-epoch4-eval1k-20260729/epoch_2_step_46000/model.safetensors	1489565368	1.387	1785376135	2026-07-30 09:48
/data/guorui/checkpoint-trash	qwen3-4b-domino-all36-draft-layer-gate-independent-rmsnorm-lowrank-r1024-b16-step3p5-perfectblend-mix-4node-051011-bs2acc1-epoch4-eval1k-20260729	epoch_2_step_42000-20260730-091636	/data/guorui/checkpoint-trash/qwen3-4b-domino-all36-draft-layer-gate-independent-rmsnorm-lowrank-r1024-b16-step3p5-perfectblend-mix-4node-051011-bs2acc1-epoch4-eval1k-20260729/epoch_2_step_42000-20260730-091636/model.safetensors	1489565368	1.387	1785373118	2026-07-30 08:58
/data/guorui/checkpoint-trash	qwen3-4b-domino-all36-draft-layer-gate-independent-rmsnorm-lowrank-r1024-b16-step3p5-perfectblend-mix-4node-051011-bs2acc1-epoch4-eval1k-20260729	epoch_2_step_40000-20260730-085838	/data/guorui/checkpoint-trash/qwen3-4b-domino-all36-draft-layer-gate-independent-rmsnorm-lowrank-r1024-b16-step3p5-perfectblend-mix-4node-051011-bs2acc1-epoch4-eval1k-20260729/epoch_2_step_40000-20260730-085838/model.safetensors	1489565368	1.387	1785372113	2026-07-30 08:41
/data/guorui/checkpoint-trash	qwen3-4b-domino-all36-draft-layer-gate-independent-rmsnorm-lowrank-r1024-b16-step3p5-perfectblend-mix-4node-051011-bs2acc1-epoch4-eval1k-20260729	epoch_1_step_38000-20260730-084153	/data/guorui/checkpoint-trash/qwen3-4b-domino-all36-draft-layer-gate-independent-rmsnorm-lowrank-r1024-b16-step3p5-perfectblend-mix-4node-051011-bs2acc1-epoch4-eval1k-20260729/epoch_1_step_38000-20260730-084153/model.safetensors	1489565368	1.387	1785371078	2026-07-30 08:24
/data/guorui/checkpoint-trash	qwen3-4b-domino-all36-draft-layer-gate-independent-rmsnorm-lowrank-r1024-b16-step3p5-perfectblend-mix-4node-051011-bs2acc1-epoch4-eval1k-20260729	epoch_1_step_36000-20260730-082438	/data/guorui/checkpoint-trash/qwen3-4b-domino-all36-draft-layer-gate-independent-rmsnorm-lowrank-r1024-b16-step3p5-perfectblend-mix-4node-051011-bs2acc1-epoch4-eval1k-20260729/epoch_1_step_36000-20260730-082438/model.safetensors	1489565368	1.387	1785370072	2026-07-30 08:07
/data/guorui/checkpoint-trash	qwen3-4b-domino-all36-draft-layer-gate-independent-rmsnorm-lowrank-r1024-b16-step3p5-perfectblend-mix-4node-051011-bs2acc1-epoch4-eval1k-20260729	epoch_1_step_34000-20260730-080752	/data/guorui/checkpoint-trash/qwen3-4b-domino-all36-draft-layer-gate-independent-rmsnorm-lowrank-r1024-b16-step3p5-perfectblend-mix-4node-051011-bs2acc1-epoch4-eval1k-20260729/epoch_1_step_34000-20260730-080752/model.safetensors	1489565368	1.387	1785369065	2026-07-30 07:51
/data/guorui/checkpoint-trash	qwen3-4b-domino-all36-draft-layer-gate-independent-rmsnorm-lowrank-r1024-b16-step3p5-perfectblend-mix-4node-051011-bs2acc1-epoch4-eval1k-20260729	epoch_1_step_32000-20260730-075105	/data/guorui/checkpoint-trash/qwen3-4b-domino-all36-draft-layer-gate-independent-rmsnorm-lowrank-r1024-b16-step3p5-perfectblend-mix-4node-051011-bs2acc1-epoch4-eval1k-20260729/epoch_1_step_32000-20260730-075105/model.safetensors	1489565368	1.387	1785368061	2026-07-30 07:34
/data/guorui/checkpoint-trash	qwen3-4b-domino-all36-draft-layer-gate-independent-rmsnorm-lowrank-r1024-b16-step3p5-perfectblend-mix-4node-051011-bs2acc1-epoch4-eval1k-20260729	epoch_1_step_30000-20260730-073421	/data/guorui/checkpoint-trash/qwen3-4b-domino-all36-draft-layer-gate-independent-rmsnorm-lowrank-r1024-b16-step3p5-perfectblend-mix-4node-051011-bs2acc1-epoch4-eval1k-20260729/epoch_1_step_30000-20260730-073421/model.safetensors	1489565368	1.387	1785367055	2026-07-30 07:17
/data/guorui/checkpoint-trash	qwen3-4b-domino-all36-draft-layer-gate-independent-rmsnorm-lowrank-r1024-b16-step3p5-perfectblend-mix-4node-051011-bs2acc1-epoch4-eval1k-20260729	epoch_1_step_28000-20260730-071735	/data/guorui/checkpoint-trash/qwen3-4b-domino-all36-draft-layer-gate-independent-rmsnorm-lowrank-r1024-b16-step3p5-perfectblend-mix-4node-051011-bs2acc1-epoch4-eval1k-20260729/epoch_1_step_28000-20260730-071735/model.safetensors	1489565368	1.387	1785366050	2026-07-30 07:00
/data/guorui/checkpoint-trash	qwen3-4b-domino-all36-draft-layer-gate-independent-rmsnorm-lowrank-r1024-b16-step3p5-perfectblend-mix-4node-051011-bs2acc1-epoch4-eval1k-20260729	epoch_1_step_26000-20260730-070050	/data/guorui/checkpoint-trash/qwen3-4b-domino-all36-draft-layer-gate-independent-rmsnorm-lowrank-r1024-b16-step3p5-perfectblend-mix-4node-051011-bs2acc1-epoch4-eval1k-20260729/epoch_1_step_26000-20260730-070050/model.safetensors	1489565368	1.387	1785365044	2026-07-30 06:44
/data/guorui/checkpoint-trash	qwen3-4b-domino-all36-draft-layer-gate-independent-rmsnorm-lowrank-r1024-b16-step3p5-perfectblend-mix-4node-051011-bs2acc1-epoch4-eval1k-20260729	epoch_1_step_24000-20260730-064404	/data/guorui/checkpoint-trash/qwen3-4b-domino-all36-draft-layer-gate-independent-rmsnorm-lowrank-r1024-b16-step3p5-perfectblend-mix-4node-051011-bs2acc1-epoch4-eval1k-20260729/epoch_1_step_24000-20260730-064404/model.safetensors	1489565368	1.387	1785364037	2026-07-30 06:27
/data/guorui/checkpoint-trash	qwen3-4b-domino-all36-draft-layer-gate-independent-rmsnorm-lowrank-r1024-b16-step3p5-perfectblend-mix-4node-051011-bs2acc1-epoch4-eval1k-20260729	epoch_1_step_22000-20260730-062717	/data/guorui/checkpoint-trash/qwen3-4b-domino-all36-draft-layer-gate-independent-rmsnorm-lowrank-r1024-b16-step3p5-perfectblend-mix-4node-051011-bs2acc1-epoch4-eval1k-20260729/epoch_1_step_22000-20260730-062717/model.safetensors	1489565368	1.387	1785363031	2026-07-30 06:10
/data/guorui/checkpoint-trash	qwen3-4b-domino-all36-draft-layer-gate-independent-rmsnorm-lowrank-r1024-b16-step3p5-perfectblend-mix-4node-051011-bs2acc1-epoch4-eval1k-20260729	epoch_1_step_20000-20260730-061031	/data/guorui/checkpoint-trash/qwen3-4b-domino-all36-draft-layer-gate-independent-rmsnorm-lowrank-r1024-b16-step3p5-perfectblend-mix-4node-051011-bs2acc1-epoch4-eval1k-20260729/epoch_1_step_20000-20260730-061031/model.safetensors	1489565368	1.387	1785362025	2026-07-30 05:53
/data/guorui/checkpoint-trash	qwen3-4b-domino-all36-draft-layer-gate-independent-rmsnorm-lowrank-r1024-b16-step3p5-perfectblend-mix-4node-051011-bs2acc1-epoch4-eval1k-20260729	epoch_0_step_18000-20260730-055345	/data/guorui/checkpoint-trash/qwen3-4b-domino-all36-draft-layer-gate-independent-rmsnorm-lowrank-r1024-b16-step3p5-perfectblend-mix-4node-051011-bs2acc1-epoch4-eval1k-20260729/epoch_0_step_18000-20260730-055345/model.safetensors	1489565368	1.387	1785361022	2026-07-30 05:37
/data/guorui/checkpoint-trash	qwen3-4b-domino-all36-draft-layer-gate-independent-rmsnorm-lowrank-r1024-b16-step3p5-perfectblend-mix-4node-051011-bs2acc1-epoch4-eval1k-20260729	epoch_0_step_16000-20260730-053702	/data/guorui/checkpoint-trash/qwen3-4b-domino-all36-draft-layer-gate-independent-rmsnorm-lowrank-r1024-b16-step3p5-perfectblend-mix-4node-051011-bs2acc1-epoch4-eval1k-20260729/epoch_0_step_16000-20260730-053702/model.safetensors	1489565368	1.387	1785360016	2026-07-30 05:20
/data/guorui/checkpoint-trash	qwen3-4b-domino-all36-draft-layer-gate-independent-rmsnorm-lowrank-r1024-b16-step3p5-perfectblend-mix-4node-051011-bs2acc1-epoch4-eval1k-20260729	epoch_0_step_14000-20260730-052016	/data/guorui/checkpoint-trash/qwen3-4b-domino-all36-draft-layer-gate-independent-rmsnorm-lowrank-r1024-b16-step3p5-perfectblend-mix-4node-051011-bs2acc1-epoch4-eval1k-20260729/epoch_0_step_14000-20260730-052016/model.safetensors	1489565368	1.387	1785359009	2026-07-30 05:03
/data/guorui/checkpoint-trash	qwen3-4b-domino-all36-draft-layer-gate-independent-rmsnorm-lowrank-r1024-b16-step3p5-perfectblend-mix-4node-051011-bs2acc1-epoch4-eval1k-20260729	epoch_0_step_12000-20260730-050329	/data/guorui/checkpoint-trash/qwen3-4b-domino-all36-draft-layer-gate-independent-rmsnorm-lowrank-r1024-b16-step3p5-perfectblend-mix-4node-051011-bs2acc1-epoch4-eval1k-20260729/epoch_0_step_12000-20260730-050329/model.safetensors	1489565368	1.387	1785358003	2026-07-30 04:46
/data/guorui/checkpoint-trash	qwen3-4b-domino-all36-draft-layer-gate-independent-rmsnorm-lowrank-r1024-b16-step3p5-perfectblend-mix-4node-051011-bs2acc1-epoch4-eval1k-20260729	epoch_0_step_10000-20260730-044643	/data/guorui/checkpoint-trash/qwen3-4b-domino-all36-draft-layer-gate-independent-rmsnorm-lowrank-r1024-b16-step3p5-perfectblend-mix-4node-051011-bs2acc1-epoch4-eval1k-20260729/epoch_0_step_10000-20260730-044643/model.safetensors	1489565368	1.387	1785357001	2026-07-30 04:30
/data/guorui/checkpoint-trash	qwen3-4b-domino-all36-draft-layer-gate-independent-rmsnorm-lowrank-r1024-b16-step3p5-perfectblend-mix-4node-051011-bs2acc1-epoch4-eval1k-20260729	epoch_0_step_8000-20260730-043001	/data/guorui/checkpoint-trash/qwen3-4b-domino-all36-draft-layer-gate-independent-rmsnorm-lowrank-r1024-b16-step3p5-perfectblend-mix-4node-051011-bs2acc1-epoch4-eval1k-20260729/epoch_0_step_8000-20260730-043001/model.safetensors	1489565368	1.387	1785355994	2026-07-30 04:13
/data/guorui/checkpoint-trash	qwen3-4b-domino-all36-draft-layer-gate-independent-rmsnorm-lowrank-r1024-b16-step3p5-perfectblend-mix-4node-051011-bs2acc1-epoch4-eval1k-20260729	epoch_0_step_6000-20260730-041314	/data/guorui/checkpoint-trash/qwen3-4b-domino-all36-draft-layer-gate-independent-rmsnorm-lowrank-r1024-b16-step3p5-perfectblend-mix-4node-051011-bs2acc1-epoch4-eval1k-20260729/epoch_0_step_6000-20260730-041314/model.safetensors	1489565368	1.387	1785354986	2026-07-30 03:56
/data/guorui/checkpoint-trash	qwen3-4b-domino-all36-draft-layer-gate-independent-rmsnorm-lowrank-r1024-b16-step3p5-perfectblend-mix-4node-051011-bs2acc1-epoch4-eval1k-20260729	epoch_0_step_4000-20260730-035626	/data/guorui/checkpoint-trash/qwen3-4b-domino-all36-draft-layer-gate-independent-rmsnorm-lowrank-r1024-b16-step3p5-perfectblend-mix-4node-051011-bs2acc1-epoch4-eval1k-20260729/epoch_0_step_4000-20260730-035626/model.safetensors	1489565368	1.387	1785353986	2026-07-30 03:39
/data/guorui/checkpoint-trash	qwen3-4b-domino-all36-draft-layer-gate-independent-rmsnorm-lowrank-r1024-b16-step3p5-perfectblend-mix-4node-051011-bs2acc1-epoch4-eval1k-20260729	epoch_0_step_2000-20260730-033946	/data/guorui/checkpoint-trash/qwen3-4b-domino-all36-draft-layer-gate-independent-rmsnorm-lowrank-r1024-b16-step3p5-perfectblend-mix-4node-051011-bs2acc1-epoch4-eval1k-20260729/epoch_0_step_2000-20260730-033946/model.safetensors	1489565368	1.387	1785352994	2026-07-30 03:23
outputs	qwen3-4b-domino-all36-draft-layer-gate-layerwise-rmsnorm-lowrank-r1024-b16-step3p5-perfectblend-mix-4node-051011-bs2acc1-epoch4-eval1k-20260729-rerun	epoch_0_step_10000	/share/guorui/投机解码训练/SpecForge/outputs/qwen3-4b-domino-all36-draft-layer-gate-layerwise-rmsnorm-lowrank-r1024-b16-step3p5-perfectblend-mix-4node-051011-bs2acc1-epoch4-eval1k-20260729-rerun/epoch_0_step_10000/model.safetensors	1488669368	1.386	1785351054	2026-07-30 02:50
/data/guorui/checkpoint-trash	qwen3-4b-domino-all36-draft-layer-gate-layerwise-rmsnorm-lowrank-r1024-b16-step3p5-perfectblend-mix-4node-051011-bs2acc1-epoch4-eval1k-20260729-rerun	epoch_0_step_8000-20260730-025054	/data/guorui/checkpoint-trash/qwen3-4b-domino-all36-draft-layer-gate-layerwise-rmsnorm-lowrank-r1024-b16-step3p5-perfectblend-mix-4node-051011-bs2acc1-epoch4-eval1k-20260729-rerun/epoch_0_step_8000-20260730-025054/model.safetensors	1488669368	1.386	1785350049	2026-07-30 02:34
/data/guorui/checkpoint-trash	qwen3-4b-domino-all36-draft-layer-gate-layerwise-rmsnorm-lowrank-r1024-b16-step3p5-perfectblend-mix-4node-051011-bs2acc1-epoch4-eval1k-20260729-rerun	epoch_0_step_6000-20260730-023409	/data/guorui/checkpoint-trash/qwen3-4b-domino-all36-draft-layer-gate-layerwise-rmsnorm-lowrank-r1024-b16-step3p5-perfectblend-mix-4node-051011-bs2acc1-epoch4-eval1k-20260729-rerun/epoch_0_step_6000-20260730-023409/model.safetensors	1488669368	1.386	1785349038	2026-07-30 02:17
/data/guorui/checkpoint-trash	qwen3-4b-domino-all36-draft-layer-gate-layerwise-rmsnorm-lowrank-r1024-b16-step3p5-perfectblend-mix-4node-051011-bs2acc1-epoch4-eval1k-20260729-rerun	epoch_0_step_4000-20260730-021718	/data/guorui/checkpoint-trash/qwen3-4b-domino-all36-draft-layer-gate-layerwise-rmsnorm-lowrank-r1024-b16-step3p5-perfectblend-mix-4node-051011-bs2acc1-epoch4-eval1k-20260729-rerun/epoch_0_step_4000-20260730-021718/model.safetensors	1488669368	1.386	1785348033	2026-07-30 02:00
/data/guorui/checkpoint-trash	qwen3-4b-domino-all36-draft-layer-gate-layerwise-rmsnorm-lowrank-r1024-b16-step3p5-perfectblend-mix-4node-051011-bs2acc1-epoch4-eval1k-20260729-rerun	epoch_0_step_2000-20260730-020033	/data/guorui/checkpoint-trash/qwen3-4b-domino-all36-draft-layer-gate-layerwise-rmsnorm-lowrank-r1024-b16-step3p5-perfectblend-mix-4node-051011-bs2acc1-epoch4-eval1k-20260729-rerun/epoch_0_step_2000-20260730-020033/model.safetensors	1488669368	1.386	1785347041	2026-07-30 01:44
outputs	qwen3-4b-domino-all36-draft-layer-gate-lowrank-r1024-b16-step3p5-perfectblend-mix-4node-051011-bs2acc1-epoch3-eval1k-20260729	epoch_0_step_4000	/share/guorui/投机解码训练/SpecForge/outputs/qwen3-4b-domino-all36-draft-layer-gate-lowrank-r1024-b16-step3p5-perfectblend-mix-4node-051011-bs2acc1-epoch3-eval1k-20260729/epoch_0_step_4000/model.safetensors	1488484944	1.386	1785338199	2026-07-29 23:16
outputs	qwen3-4b-domino-all36-gate-lowrank-r1024-b16-step3p5-perfectblend-mix-3node-091011-bs2acc1-epoch3-eval1k-20260729	epoch_0_step_26000	/share/guorui/投机解码训练/SpecForge/outputs/qwen3-4b-domino-all36-gate-lowrank-r1024-b16-step3p5-perfectblend-mix-3node-091011-bs2acc1-epoch3-eval1k-20260729/epoch_0_step_26000/model.safetensors	1488464168	1.386	1785335500	2026-07-29 22:31
outputs	qwen3-4b-pure-kv-domino-b16-q1-static-top9-swa64-sink3-domino-cache-from-scratch-4node-05101112-bs2acc1-epoch3-restart2-20260725	epoch_6_step_118506	/share/guorui/投机解码训练/SpecForge/outputs/qwen3-4b-pure-kv-domino-b16-q1-static-top9-swa64-sink3-domino-cache-from-scratch-4node-05101112-bs2acc1-epoch3-restart2-20260725/epoch_6_step_118506/model.safetensors	1286690608	1.198	1785066988	2026-07-26 19:56
outputs	qwen3-4b-pure-kv-domino-b16-q1-static-top9-position-mask-inblock-d1024-bidirectional-1node-8gpu-20260725	epoch_1_step_104000	/share/guorui/投机解码训练/SpecForge/outputs/qwen3-4b-pure-kv-domino-b16-q1-static-top9-position-mask-inblock-d1024-bidirectional-1node-8gpu-20260725/epoch_1_step_104000/model.safetensors	1139888112	1.062	1785002441	2026-07-26 02:00
outputs	qwen3-4b-pure-kv-domino-b16-q1-static-top9-position-mask-inblock-d1024-causal-1node-8gpu-20260725	epoch_1_step_108000	/share/guorui/投机解码训练/SpecForge/outputs/qwen3-4b-pure-kv-domino-b16-q1-static-top9-position-mask-inblock-d1024-causal-1node-8gpu-20260725/epoch_1_step_108000/model.safetensors	1139888112	1.062	1784959224	2026-07-25 14:00
outputs	qwen3-4b-pure-kv-domino-b16-q1-static-top9-position-mask-inblock-d512-2node-1011-bs2acc1-epoch3-20260724	epoch_1_step_60000	/share/guorui/投机解码训练/SpecForge/outputs/qwen3-4b-pure-kv-domino-b16-q1-static-top9-position-mask-inblock-d512-2node-1011-bs2acc1-epoch3-20260724/epoch_1_step_60000/model.safetensors	1103187920	1.027	1784905442	2026-07-24 23:04
outputs	qwen3-4b-pure-kv-domino-b16-q1-static-top9-inblock-d512-2node-1011-bs2acc1-epoch3-20260724	epoch_0_step_26000	/share/guorui/投机解码训练/SpecForge/outputs/qwen3-4b-pure-kv-domino-b16-q1-static-top9-inblock-d512-2node-1011-bs2acc1-epoch3-20260724/epoch_0_step_26000/model.safetensors	1103111016	1.027	1784870981	2026-07-24 13:29
outputs	qwen3-4b-domino-layer-aligned-early18-26-late26-34-b16-5layer-step3p5-perfectblend-mix-4node-08101112-bs2acc1-epoch3-eval1k-20260723	epoch_3_step_59253	/share/guorui/投机解码训练/SpecForge/outputs/qwen3-4b-domino-layer-aligned-early18-26-late26-34-b16-5layer-step3p5-perfectblend-mix-4node-08101112-bs2acc1-epoch3-eval1k-20260723/epoch_3_step_59253/model.safetensors	1242043408	1.157	1784851755	2026-07-24 08:09
outputs	qwen3-4b-domino-layer-aligned-early18-26-late26-34-b16-step3p5-perfectblend-mix-4node-08101112-bs2acc1-epoch3-eval1k-20260723	epoch_0_step_2000	/share/guorui/投机解码训练/SpecForge/outputs/qwen3-4b-domino-layer-aligned-early18-26-late26-34-b16-step3p5-perfectblend-mix-4node-08101112-bs2acc1-epoch3-eval1k-20260723/epoch_0_step_2000/model.safetensors	1040180584	0.969	1784824232	2026-07-24 00:30
outputs	qwen3-4b-domino-official-arch-b16-nonoverlap-anchor256-step3p5-perfectblend-mix-continue-step38000-2node-1011-16gpu-bs3acc1-epoch3-evalrandom-eval1k-20260722	epoch_3_step_79005	/share/guorui/投机解码训练/SpecForge/outputs/qwen3-4b-domino-official-arch-b16-nonoverlap-anchor256-step3p5-perfectblend-mix-continue-step38000-2node-1011-16gpu-bs3acc1-epoch3-evalrandom-eval1k-20260722/epoch_3_step_79005/model.safetensors	1176507304	1.096	1784708875	2026-07-22 16:27
outputs	qwen3-4b-domino-b16-nonoverlap-train-continuous-eval-anchor256-continue-step118506-step3p5-perfectblend-mix-1node15-bs2acc2-lr1e4-epoch3-20260721	epoch_0_step_20000	/share/guorui/投机解码训练/SpecForge/outputs/qwen3-4b-domino-b16-nonoverlap-train-continuous-eval-anchor256-continue-step118506-step3p5-perfectblend-mix-1node15-bs2acc2-lr1e4-epoch3-20260721/epoch_0_step_20000/model.safetensors	1176507304	1.096	1784636436	2026-07-21 20:20
outputs	qwen3-4b-domino-b16-continuous-anchor256-continue-step118506-step3p5-perfectblend-mix-1node11-bs2acc2-lr1e4-epoch3-20260721	epoch_0_step_22000	/share/guorui/投机解码训练/SpecForge/outputs/qwen3-4b-domino-b16-continuous-anchor256-continue-step118506-step3p5-perfectblend-mix-1node11-bs2acc2-lr1e4-epoch3-20260721/epoch_0_step_22000/model.safetensors	1176507304	1.096	1784633965	2026-07-21 19:39
outputs	qwen3-4b-domino-b16-nonoverlap-anchor256-continue-step118506-step3p5-perfectblend-mix-1node15-bs2acc2-lr1e4-epoch3-20260721	epoch_0_step_2000	/share/guorui/投机解码训练/SpecForge/outputs/qwen3-4b-domino-b16-nonoverlap-anchor256-continue-step118506-step3p5-perfectblend-mix-1node15-bs2acc2-lr1e4-epoch3-20260721/epoch_0_step_2000/model.safetensors	1176507304	1.096	1784623164	2026-07-21 16:39
outputs	qwen3-4b-domino-official-arch-b16-step3p5-perfectblend-mix-from-scratch-2node-0911-bs2acc1-epoch3-eval1k-restart-20260713	epoch_3_step_118506	/share/guorui/投机解码训练/SpecForge/outputs/qwen3-4b-domino-official-arch-b16-step3p5-perfectblend-mix-from-scratch-2node-0911-bs2acc1-epoch3-eval1k-restart-20260713/epoch_3_step_118506/model.safetensors	1176507304	1.096	1783993418	2026-07-14 09:43
outputs	qwen3-4b-domino-official-arch-b16-step3p5-perfectblend-mix-from-scratch-2node-0911-bs2acc1-epoch3-eval1k-restart-20260713	epoch_2_step_118000	/share/guorui/投机解码训练/SpecForge/outputs/qwen3-4b-domino-official-arch-b16-step3p5-perfectblend-mix-from-scratch-2node-0911-bs2acc1-epoch3-eval1k-restart-20260713/epoch_2_step_118000/model.safetensors	1176507304	1.096	1783993202	2026-07-14 09:40
outputs	qwen3-4b-official-domino-b16-perfectblend-downstream-eval1k-reuse-dkv-cache-1node11-bs2acc1-max1000-20260713	epoch_1_step_1000	/share/guorui/投机解码训练/SpecForge/outputs/qwen3-4b-official-domino-b16-perfectblend-downstream-eval1k-reuse-dkv-cache-1node11-bs2acc1-max1000-20260713/epoch_1_step_1000/model.safetensors	1176507304	1.096	1783929489	2026-07-13 15:58
outputs	qwen3-4b-official-domino-b16-perfectblend-downstream-eval1k-reuse-dkv-cache-1node11-bs2acc1-max1000-20260713	epoch_0_step_1000	/share/guorui/投机解码训练/SpecForge/outputs/qwen3-4b-official-domino-b16-perfectblend-downstream-eval1k-reuse-dkv-cache-1node11-bs2acc1-max1000-20260713/epoch_0_step_1000/model.safetensors	1176507304	1.096	1783929485	2026-07-13 15:58
outputs	qwen3-4b-domino-frontier-fixed-eval64-trained1000-8gpu-20260710-v1	epoch_1_step_1	/share/guorui/投机解码训练/SpecForge/outputs/qwen3-4b-domino-frontier-fixed-eval64-trained1000-8gpu-20260710-v1/epoch_1_step_1/model.safetensors	1181242874	1.100	1783711003	2026-07-11 03:16
outputs	qwen3-4b-domino-frontier-fixed-eval64-official-8gpu-20260710-v1	epoch_1_step_1	/share/guorui/投机解码训练/SpecForge/outputs/qwen3-4b-domino-frontier-fixed-eval64-official-8gpu-20260710-v1/epoch_1_step_1/model.safetensors	1181242874	1.100	1783710923	2026-07-11 03:15
outputs	DominoBeamTreeVerify-smoke-localnorm-20260708	epoch_2_step_1	/share/guorui/投机解码训练/SpecForge/outputs/DominoBeamTreeVerify-smoke-localnorm-20260708/epoch_2_step_1/model.safetensors	1176507304	1.096	1783451831	2026-07-08 03:17
outputs	DominoBeamTreeVerify-smoke-verifieronly-20260708	epoch_2_step_1	/share/guorui/投机解码训练/SpecForge/outputs/DominoBeamTreeVerify-smoke-verifieronly-20260708/epoch_2_step_1/model.safetensors	1176507304	1.096	1783450806	2026-07-08 03:00
outputs	DominoBeamTreeVerify-smoke-path-proposal-20260708	epoch_2_step_1	/share/guorui/投机解码训练/SpecForge/outputs/DominoBeamTreeVerify-smoke-path-proposal-20260708/epoch_2_step_1/model.safetensors	1176507304	1.096	1783450397	2026-07-08 02:53
outputs	DominoBeamTreeVerify-qwen3-4b-domino-from-official-fixedbeam-8gpu-frontcheck	epoch_2_step_1	/share/guorui/投机解码训练/SpecForge/outputs/DominoBeamTreeVerify-qwen3-4b-domino-from-official-fixedbeam-8gpu-frontcheck/epoch_2_step_1/model.safetensors	1176507304	1.096	1783449080	2026-07-08 02:31
outputs	DominoBeamTreeVerify-qwen3-4b-domino-from-official-fixedbeam-8gpu-smoke	epoch_2_step_1	/share/guorui/投机解码训练/SpecForge/outputs/DominoBeamTreeVerify-qwen3-4b-domino-from-official-fixedbeam-8gpu-smoke/epoch_2_step_1/model.safetensors	1176507304	1.096	1783448971	2026-07-08 02:29
outputs	debug-constant-lr-onpolicy-1step	epoch_1_step_1	/share/guorui/投机解码训练/SpecForge/outputs/debug-constant-lr-onpolicy-1step/epoch_1_step_1/model.safetensors	1176507304	1.096	1783401401	2026-07-07 13:16
outputs	DominoTransferSFT-qwen3-4b-domino-perfectblend-from-official-single-bs2-lr2e-5-lambda1-xfer256-sampledonly-cachehit-20260707	epoch_0_step_2000	/share/guorui/投机解码训练/SpecForge/outputs/DominoTransferSFT-qwen3-4b-domino-perfectblend-from-official-single-bs2-lr2e-5-lambda1-xfer256-sampledonly-cachehit-20260707/epoch_0_step_2000/model.safetensors	1176507304	1.096	1783393159	2026-07-07 10:59
outputs	DominoTransferSFT-qwen3-4b-domino-perfectblend-from-official-2node-bs2-lr2e-5-xfer256-sampledonly-ib-restart1-20260707	epoch_0_step_18000	/share/guorui/投机解码训练/SpecForge/outputs/DominoTransferSFT-qwen3-4b-domino-perfectblend-from-official-2node-bs2-lr2e-5-xfer256-sampledonly-ib-restart1-20260707/epoch_0_step_18000/model.safetensors	1176507304	1.096	1783388728	2026-07-07 09:45
outputs	DominoTransferSFT-qwen3-4b-domino-perfectblend-from-official-2node-bs2-lr2e-5-xfer256-sampledonly-ib-restart1-20260707	epoch_0_step_16000	/share/guorui/投机解码训练/SpecForge/outputs/DominoTransferSFT-qwen3-4b-domino-perfectblend-from-official-2node-bs2-lr2e-5-xfer256-sampledonly-ib-restart1-20260707/epoch_0_step_16000/model.safetensors	1176507304	1.096	1783386600	2026-07-07 09:10
outputs	DominoTransferSFT-qwen3-4b-domino-perfectblend-from-official-2node-bs2-lr2e-5-xfer256-sampledonly-ib-restart1-20260707	epoch_0_step_14000	/share/guorui/投机解码训练/SpecForge/outputs/DominoTransferSFT-qwen3-4b-domino-perfectblend-from-official-2node-bs2-lr2e-5-xfer256-sampledonly-ib-restart1-20260707/epoch_0_step_14000/model.safetensors	1176507304	1.096	1783384464	2026-07-07 08:34
outputs	DominoTransferSFT-qwen3-4b-domino-perfectblend-from-official-2node-bs2-lr2e-5-xfer256-sampledonly-ib-restart1-20260707	epoch_0_step_12000	/share/guorui/投机解码训练/SpecForge/outputs/DominoTransferSFT-qwen3-4b-domino-perfectblend-from-official-2node-bs2-lr2e-5-xfer256-sampledonly-ib-restart1-20260707/epoch_0_step_12000/model.safetensors	1176507304	1.096	1783382339	2026-07-07 07:58
outputs	DominoTransferSFT-qwen3-4b-domino-perfectblend-from-official-2node-bs2-lr2e-5-xfer256-sampledonly-ib-restart1-20260707	epoch_0_step_10000	/share/guorui/投机解码训练/SpecForge/outputs/DominoTransferSFT-qwen3-4b-domino-perfectblend-from-official-2node-bs2-lr2e-5-xfer256-sampledonly-ib-restart1-20260707/epoch_0_step_10000/model.safetensors	1176507304	1.096	1783380208	2026-07-07 07:23
outputs	DominoTransferSFT-qwen3-4b-domino-perfectblend-from-official-2node-bs2-lr2e-5-xfer256-sampledonly-ib-restart1-20260707	epoch_0_step_8000	/share/guorui/投机解码训练/SpecForge/outputs/DominoTransferSFT-qwen3-4b-domino-perfectblend-from-official-2node-bs2-lr2e-5-xfer256-sampledonly-ib-restart1-20260707/epoch_0_step_8000/model.safetensors	1176507304	1.096	1783378087	2026-07-07 06:48
outputs	DominoTransferSFT-qwen3-4b-domino-perfectblend-from-official-2node-bs2-lr2e-5-xfer256-sampledonly-ib-restart1-20260707	epoch_0_step_6000	/share/guorui/投机解码训练/SpecForge/outputs/DominoTransferSFT-qwen3-4b-domino-perfectblend-from-official-2node-bs2-lr2e-5-xfer256-sampledonly-ib-restart1-20260707/epoch_0_step_6000/model.safetensors	1176507304	1.096	1783375964	2026-07-07 06:12
outputs	DominoTransferSFT-qwen3-4b-domino-perfectblend-from-official-2node-bs2-lr2e-5-xfer256-sampledonly-ib-restart1-20260707	epoch_0_step_4000	/share/guorui/投机解码训练/SpecForge/outputs/DominoTransferSFT-qwen3-4b-domino-perfectblend-from-official-2node-bs2-lr2e-5-xfer256-sampledonly-ib-restart1-20260707/epoch_0_step_4000/model.safetensors	1176507304	1.096	1783373826	2026-07-07 05:37
outputs	DominoTransferSFT-qwen3-4b-domino-perfectblend-from-official-2node-bs2-lr2e-5-xfer256-sampledonly-ib-restart1-20260707	epoch_0_step_2000	/share/guorui/投机解码训练/SpecForge/outputs/DominoTransferSFT-qwen3-4b-domino-perfectblend-from-official-2node-bs2-lr2e-5-xfer256-sampledonly-ib-restart1-20260707/epoch_0_step_2000/model.safetensors	1176507304	1.096	1783371702	2026-07-07 05:01
outputs	DominoTransferSFT-smoke-single-xfer256-sampledonly-20260707	epoch_1_step_12	/share/guorui/投机解码训练/SpecForge/outputs/DominoTransferSFT-smoke-single-xfer256-sampledonly-20260707/epoch_1_step_12/model.safetensors	1176507304	1.096	1783369065	2026-07-07 04:17
outputs	DominoTransferSFT-profile-single-xfer64-20260707	epoch_1_step_45	/share/guorui/投机解码训练/SpecForge/outputs/DominoTransferSFT-profile-single-xfer64-20260707/epoch_1_step_45/model.safetensors	1176507304	1.096	1783368326	2026-07-07 04:05
outputs	DominoTransferSFT-profile-single-xfer32-20260707	epoch_1_step_45	/share/guorui/投机解码训练/SpecForge/outputs/DominoTransferSFT-profile-single-xfer32-20260707/epoch_1_step_45/model.safetensors	1176507304	1.096	1783368218	2026-07-07 04:03
outputs	DominoTransferSFT-profile-single-xfer16-20260707	epoch_1_step_45	/share/guorui/投机解码训练/SpecForge/outputs/DominoTransferSFT-profile-single-xfer16-20260707/epoch_1_step_45/model.safetensors	1176507304	1.096	1783368112	2026-07-07 04:01
outputs	qwen3-4b-domino-perfectblend-prefix-single-bs3-from-scratch-cachehit-20260706	epoch_0_step_36000	/share/guorui/投机解码训练/SpecForge/outputs/qwen3-4b-domino-perfectblend-prefix-single-bs3-from-scratch-cachehit-20260706/epoch_0_step_36000/model.safetensors	1176507304	1.096	1783365205	2026-07-07 03:13
outputs	qwen3-4b-domino-perfectblend-prefix-single-bs3-from-scratch-cachehit-20260706	epoch_0_step_34000	/share/guorui/投机解码训练/SpecForge/outputs/qwen3-4b-domino-perfectblend-prefix-single-bs3-from-scratch-cachehit-20260706/epoch_0_step_34000/model.safetensors	1176507304	1.096	1783364159	2026-07-07 02:55
outputs	qwen3-4b-domino-perfectblend-prefix-from-scratch-4node-bs2-fair-20260704	epoch_0_step_6000	/share/guorui/投机解码训练/SpecForge/outputs/qwen3-4b-domino-perfectblend-prefix-from-scratch-4node-bs2-fair-20260704/epoch_0_step_6000/model.safetensors	1176507304	1.096	1783157751	2026-07-04 17:35
outputs	qwen3-4b-domino-perfectblend-prefix-from-scratch-4node-bs2-fair-20260704	epoch_0_step_4000	/share/guorui/投机解码训练/SpecForge/outputs/qwen3-4b-domino-perfectblend-prefix-from-scratch-4node-bs2-fair-20260704/epoch_0_step_4000/model.safetensors	1176507304	1.096	1783156836	2026-07-04 17:20
outputs	qwen3-4b-domino-perfectblend-prefix-from-scratch-4node-bs2-fair-20260704	epoch_0_step_2000	/share/guorui/投机解码训练/SpecForge/outputs/qwen3-4b-domino-perfectblend-prefix-from-scratch-4node-bs2-fair-20260704/epoch_0_step_2000/model.safetensors	1176507304	1.096	1783155923	2026-07-04 17:05
outputs	debug-stdrel-launch-095628	epoch_1_step_1	/share/guorui/投机解码训练/SpecForge/outputs/debug-stdrel-launch-095628/epoch_1_step_1/model.safetensors	1143117096	1.065	1783043862	2026-07-03 09:57
outputs	qwen3-4b-domino-am-0.9m	epoch_2_step_128000	/share/guorui/投机解码训练/SpecForge/outputs/qwen3-4b-domino-am-0.9m/epoch_2_step_128000/model.safetensors	1176507304	1.096	1782754865	2026-06-30 01:41
outputs	qwen3-4b-domino-am-0.9m	epoch_2_step_126000	/share/guorui/投机解码训练/SpecForge/outputs/qwen3-4b-domino-am-0.9m/epoch_2_step_126000/model.safetensors	1176507304	1.096	1782753264	2026-06-30 01:14
